rank_setor,codigo_base,nome,valor_total,quantidade_total
1,947859703,"TOALHA BANHO 70X1,40",644.57,43
1,936238193,GARRAFA TERM 800ML,1043.36,43
1,923233034,"LIP GLOSS 4,2ML S6727",1304.56,44
1,935697494,ENFEITE MUSICAL,327.96,4
1,940927062,"PAN PRESSAO 2,5L POLIDA",455.92,8
1,921454199,NECESSAIRE 3EM1SUMMER CATS,838.5600000000001,24
1,965647567,ANEL FEMININO,536.13,77
1,922961205,BOLSA PELUCIA LANTEJOU,467.85,15
1,940927068,"PAN PRESSAO 4,5L PRETA",339.96,4
1,123456789,BOLSA FEMININA,2042.77,23
1,965036762,ARVORE DECORADA,1360.99,1
1,920241640,SINO DOS VENTOS OLHO GREGO,847.98,37
2,912262909,CHOCOT BAUDUCCO,730.3,30
2,920241640,SINO DOS VENTOS OLHO GREGO,699.12,28
2,910807593,PERF WILD GIRL 30ML,447.11,9
2,934572608,SACO DE PRESENTES,279.07,43
2,2281328,CAPA SOFA 2/3 LUG KING,629.87,13
2,965036779,ARVORE DECORADA,1193.91,1
2,946968657,"TOALHA 70X1,40CM",629.58,42
2,938829130,FESTAO 7CM LUXO,287.64,36
2,123456789,BOLSA FEMININA,449.95,5
2,935697458,BOLA LISA PEROLADA,269.84999999999997,15
2,925933104,"FEIRINHA BRINQ R$7,99 S/TROCA",894,120
2,912262909,CHOCOT BAUDUCCO,2028.48,83
3,123456789,BOLSA FEMININA,530.9399999999999,6
3,940927068,"PAN PRESSAO 4,5L PRETA",416.45,5
3,814230712,BOLSA TERMICA GX-400097,695.21,19
3,936675015,PAPAI NOEL XADREZ LAMP,268.21,4
3,920123805,PANETTONE FRUTAS BAUD,1120.1499999999999,45
3,935697494,ENFEITE MUSICAL,245.96999999999997,3
3,940927059,"PANELA PRESSAO 4,5L",600.3199999999999,8
3,935697476,BOLA MISTA DR,239.95000000000002,5
3,940927065,"PAN PRESSAO 2,5L PRETA",275.96,4
3,56892371,BOLSA DE TECIDO,538.7299999999999,27
3,814230712,BOLSA TERMICA GX-400097,564.15,15
3,921454161,MOCHILA INF LF100-04,596.1800000000001,19
4,921454161,MOCHILA INF LF100-04,493.06,14
4,965036741,ARVORE DECORADA,594.99,1
4,23623117,OCULOS,247.39999999999998,10
4,907256461,POTE C/ TAMP ESCRREDOR,983.07,18
4,940927059,"PANELA PRESSAO 4,5L",296.36,4
4,927396129,BOLSA TERM URSIN,489.64,16
4,925933104,"FEIRINHA BRINQ R$7,99 S/TROCA",323.58,43
4,920704539,TRICICLO TK3 INFANTIL,221.99,1
4,123456789,BOLSA FEMININA,521.9399999999999,6
4,924580036,DIAMANTE FUME PRATO,514.75,74
4,935697443,PRESEPIO RESINA 5PECAS,244.93,7
4,940927059,"PANELA PRESSAO 4,5L",227.96999999999997,3
5,936675044,P10151 BOLA 5CM (48),274.07,23
5,917612100,MOCHILA VESOLO AIVISI,799.9,10
5,920704539,TRICICLO TK3 INFANTIL,221.99,1
5,929931221,PRESILHA HALLOWEEN,369.58,42
5,947859703,"TOALHA BANHO 70X1,40",485.71999999999997,27
5,929265183,BOLSA TERMICA TOKOSHI,485.91,9
5,916867796,CHAVEIRO STITCH,473.84,16
5,934840858,XICARA 170ML,239.76,24
5,927638043,CILIOS TUFINHO NEW SH,463.76,24
5,934572587,SACO DE PRES 80x88,225.09,41
5,56892371,BOLSA DE TECIDO,219.89,11
5,938346640,CONJUNTO TALHERES INOX,258.45,5
6,923233034,"LIP GLOSS 4,2ML S6727",767.74,26
6,56892371,BOLSA DE TECIDO,235.87999999999997,12
6,935697455,BOLA LISA PEROLADA,251.93,7
6,918817603,ESCOVA DE CABELO,442.09999999999997,15
6,934840838,CANECA 120ML,229.77,23
6,941955429,MOCHILA ANGUO GX10-80332,419.93,7
6,938346640,CONJUNTO TALHERES INOX,329.94,6
6,907218972,CAR ANDANDOR ARANHA,221.98,2
6,123456789,BOLSA FEMININA,179.98,2
6,123456789,BOLSA FEMININA,359.96,4
6,907218975,ANDADOR PRINCESA,221.98,2
6,936675010,LED CASC 138 AZUL ESTR,211.72000000000003,3
6,920123805,PANETTONE FRUTAS BAUD,478.21,19
7,908091127,TIGELA PLAST. 15CM,755.1899999999999,204
7,910807593,PERF WILD GIRL 30ML,358.73,7
7,899665965,TACA DE VIDRO,245.42000000000002,30
7,940927062,"PAN PRESSAO 2,5L POLIDA",299.95,5
7,935697476,BOLA MISTA DR,191.96,4
7,2396001,LIXEIRA PEDAL 20LT,205.84,6
7,936675024,FESTAO 12CM DUAS ESPES,222.37,23
7,907256461,POTE C/ TAMP ESCRREDOR,385.18,7
7,2281328,CAPA SOFA 2/3 LUG KING,215.96999999999997,3
7,2281328,CAPA SOFA 2/3 LUG KING,287.96,4
7,927120439,FANT PRINC JASMINE,341.94,6
7,22339362,CARRINHO CONTROLE REMOTO,172.99,1
8,8164417180,BABY COGUMELO DIDATICO,199.96,4
8,938346640,CONJUNTO TALHERES INOX,164.97,3
8,935697443,PRESEPIO RESINA 5PECAS,279.92,8
8,926662612,BOLSA TIRACOLO CAPIVARA,164.94,6
8,940927065,"PAN PRESSAO 2,5L PRETA",275.96,4
8,936675041,P10141 BOLA 4CM (72),207.14,26
8,908629680,FORMA PAO 03 POLIDO,181.87,13
8,902896892,"TAP EASY BEGE 0,45X1,20",240.76999999999998,3
8,909222976,CANECA 220ML,371.85,55
8,902285260,PERF LITE RED NYC 30ML,353.53000000000003,7
8,916069425,PORTA CARTÃO,310.36,64
8,958551827,DS 1/4 STITCH - 180,693.88,52
9,814230727,BOLSA TERMICA GX-400100,352.99,11
9,2281328,CAPA SOFA 2/3 LUG KING,215.96999999999997,3
9,944226959,JOGO DE TALHER 25 PEÇAS,275.53999999999996,12
9,2007349,CORRT ALTA COBERTURA FABELLA,641.5600000000001,46
9,940927068,"PAN PRESSAO 4,5L PRETA",254.96999999999997,3
9,908629698,FERVEDOR 14 POLIDO,159.92,8
9,919069088,THE MONST COCACOLA,311.92,8
9,2396001,LIXEIRA PEDAL 20LT,173.9,5
9,943965295,SILICONE KITCHEN SET,164.95000000000002,5
9,814230707,BOLSA TERMICA GX-400099,300.43,17
9,936675006,LED 320 COLOR BIVOLT,155.98,2
9,902896892,"TAP EASY BEGE 0,45X1,20",171.98,2
10,921454334,TOUCA CETIM ESTAMPADA,300.26,34
10,2281328,CAPA SOFA 2/3 LUG KING,143.98,2
10,923523598,BABY DRAGOES,139.98,2
10,923232944,KIT PINCEIS P/ MAQ 5PCS LINDA,296.58,22
10,947859703,"TOALHA BANHO 70X1,40",205.08,12
10,935697503,ENFEITE DE PENDURAR,163.88,12
10,955237408,2 PARES DE BRINCOS,259.74,26
10,909062922,BANDEJA 15X23CM,165.14,6
10,927637915,TOA DE MICROFIBRA P/ CABELO,145.92,14
10,946968657,"TOALHA 70X1,40CM",215.88,12
10,920123799,MINI CHOCO BAUDU 80GR,602.8100000000001,79
10,916914411,PERF GOLDEN FLOWERI 30ML,348.33,7
11,902896892,"TAP EASY BEGE 0,45X1,20",171.98,2
11,920241587,MEIA MALUCA PERSONAGENS,295.78,22
11,3040589,BOLSA,202.72,8
11,936238164,BOLSA TERM YIYPIANZ,575.07,18
11,935697455,BOLA LISA PEROLADA,159.96,4
11,920704533,BIC TK3 TRACK ARO 12 VERMELHO/DOURADO,253.99,1
11,814230707,BOLSA TERMICA GX-400099,336.40999999999997,19
11,946968657,"TOALHA 70X1,40CM",125.92999999999999,7
11,909222976,CANECA 220ML,159.32,28
11,814230743,FANTASIA FADA LF43-086,267.93,7
11,56892371,BOLSA DE TECIDO,139.92999999999998,7
11,907256461,POTE C/ TAMP ESCRREDOR,130.92000000000002,3
12,922973145,CESTO JUNCO M,119.99,1
12,920704533,BIC TK3 TRACK ARO 12 VERMELHO/DOURADO,253.99,1
12,814230707,BOLSA TERMICA GX-400099,124.13,7
12,946968657,"TOALHA 70X1,40CM",143.92,8
12,940927065,"PAN PRESSAO 2,5L PRETA",200.07,3
12,936675015,PAPAI NOEL XADREZ LAMP,572.67,8
12,941389673,BANDEJA PÉROLA GG,143.98,2
12,907206311,ESPELHO,139.9,10
12,927637925,TOUCA LACE WIG CAP,155.17000000000002,56
12,916069452,PRIM SKIN PERFECT 25ML,291.7,30
12,916867815,CHAVEIRO STITCH,335.85999999999996,14
12,940927062,"PAN PRESSAO 2,5L POLIDA",239.96,4
13,921454334,TOUCA CETIM ESTAMPADA,569.08,55
13,936238164,BOLSA TERM YIYPIANZ,289.16,9
13,938829130,FESTAO 7CM LUXO,119.85,15
13,929931290,CABO DADOS 2M 3.4A INO,198.77999999999997,12
13,937910418,BANDEJA PEROLA M,143.97,3
13,909222943,POTE COM TAMPA,142.46,4
13,927638028,CILIOS TUFIN NEW SHOW,235.76000000000002,24
13,921515239,CINTO MASCULINO,223.86,14
13,936156937,CILIOS DE SEDA 9-14 2X20P,121.71000000000001,9
13,940927062,"PAN PRESSAO 2,5L POLIDA",119.98,2
13,943315043,NECESSAIRE 3 EM 1,284.9,10
13,935697461,BOLA MISTA VM 6CM,134.91,9
14,909222943,POTE COM TAMPA,119.97,3
14,908629900,FONE S/FIO A-607 PLUS,273.57,3
14,936675013,CASC 138 LEDS CORAÇÃO,121.48,2
14,925917860,CAFE EVOLUTTO 500G,540.0500000000001,15
14,2007266,MASCARA CILIOS RUBY RO,279.15999999999997,14
14,184347,PISTA BRINQUE CARRINHO,132.86,14
14,946968657,"TOALHA 70X1,40CM",187.09,11
14,907218972,CAR ANDANDOR ARANHA,110.99,1
14,944226970,JOGO DE TALHER 17 PEÇAS,139.81,7
14,920704536,TRICICLO TK3 TRACK INF,221.99,1
14,814230727,BOLSA TERMICA GX-400100,229.27,7
14,936675031,FESTAO 7CM METALIZADO,108.66,14
15,923233007,ESCOVA DE FITAGEM,212.22,18
15,940015031,BOLEIRA BAIXA,119.97,3
15,941389797,LEQUE,99.55,21
15,907206263,ELASTICO DE CABELO,175.14000000000001,36
15,935697455,BOLA LISA PEROLADA,119.97,3
15,927396112,BOLSA TERMICA URSINHO,275.81,9
15,907206299,ENFEITE CABELO SORVETE,520.46,84
15,923523604,BARBIE STYLING,109.99,1
15,938346640,CONJUNTO TALHERES INOX,219.96,4
15,56892371,BOLSA DE TECIDO,117.93999999999998,6
15,891723311,BOLSA TERMICA,272.92,8
15,936675027,FESTAO 7CMC/ PAPAI NOEL,103.57000000000001,13
16,941389685,ALMOFADA DE PESCOÇO,209.92999999999998,7
16,938346640,CONJUNTO TALHERES INOX,109.98,2
16,928486280,FRIGIDEIRA TURIM 20CM,97.12,3
16,920241640,SINO DOS VENTOS OLHO GREGO,117.44999999999999,5
16,921454381,KIT PINCEIS P/ MAQ 3PCS,266.73,27
16,908629677,FORMA PIZZA 35 POLIDO,461.83,17
16,924580055,CESTO C/TAMPA 56L PRETO,156.75,5
16,965647581,LAÇO ENFEITE NATAL,119.92,8
16,936675015,PAPAI NOEL XADREZ LAMP,202.96999999999997,3
16,935697500,ENFEITE DE PENDURAR,98.89,11
16,909062922,BANDEJA 15X23CM,115.96,4
16,910807599,PER BRAVO HERO 30ML,255.14000000000001,6
17,906678866,POTE COM TAMPA,111.92,8
17,916069452,PRIM SKIN PERFECT 25ML,189.81,19
17,909062922,BANDEJA 15X23CM,86.97,3
17,2281328,CAPA SOFA 2/3 LUG KING,442.32,8
17,902896887,"TAP EASY BEGE 0,45X0,75",107.98,2
17,927396117,NECESS TRANSP YIDA,238.64999999999998,10
17,920458332,CESTO JUNCO GG,151.99,1
17,902896887,"TAP EASY BEGE 0,45X0,75",107.98,2
17,941389883,BOLSA DE VIAGEM,199.96,4
17,8164417180,BABY COGUMELO DIDATICO,95.98,2
17,911935587,PALETA SOMB STITCH,113.02,8
17,45689717,BOLSA FEMININA,225.55,5
18,919069088,THE MONST COCACOLA,111.97,3
18,4698756,BOLSA PRETA,221.85,15
18,918018867,NECESSAIRE FEM GX-20-0018,173.91,9
18,2007349,CORRT ALTA COBERTURA FABELLA,238.34,16
18,929265183,BOLSA TERMICA TOKOSHI,437.43,7
18,943965295,SILICONE KITCHEN SET,197.94,6
18,906678866,POTE COM TAMPA,94.18,7
18,902896892,"TAP EASY BEGE 0,45X1,20",85.99,1
18,924580058,CESTO C/TAMPA 56L PRATA,150.35,5
18,907218972,CAR ANDANDOR ARANHA,110.99,1
18,916441673,MASCARA DE CILIOS PANDA,103.92,8
18,935697458,BOLA LISA PEROLADA,107.94,6
18,946968657,"TOALHA 70X1,40CM",107.94,6
19,907256461,POTE C/ TAMP ESCRREDOR,145.57,3
19,926840635,BOLSA,222.9,5
19,922961196,CHAVEIRO LABUBU MUSICA,109.22,5
19,907256461,POTE C/ TAMP ESCRREDOR,103.98,2
19,960850738,KIT DE PRESILHAS,80.91,9
19,921454222,KIT COLAR + PULS + BRINCO INF,160.45000000000002,15
19,123456789,BOLSA FEMININA,89.99,1
19,920132660,RELOGIO FEMININO QUARTZ,190.28,12
19,916914524,SUPER HAIR BONDE 30ML,210.42,18
19,943965295,SILICONE KITCHEN SET,433.87,13
19,8164417180,BABY COGUMELO DIDATICO,99.98,2
19,911935479,PALE SOMB FLORAL,90.93,7
20,909222943,POTE COM TAMPA,218,5
20,947859681,"ÁRVORE DE NATAL 2,10",142.48,2
20,965647586,LAÇO ENFEITE NATALINO,99.99,1
20,2281328,CAPA SOFA 2/3 LUG KING,156.77,3
20,940927059,"PANELA PRESSAO 4,5L",75.99,1
20,123456789,BOLSA FEMININA,89.99,1
20,814230712,BOLSA TERMICA GX-400097,106.37,3
20,908629692,BULE 10 POLIDO,95.96,4
20,907218978,MOTO BRINQUEDO,95.96,4
20,907206369,FORMA PARA GELO,397.88,53
20,2281328,CAPA SOFA 2/3 LUG KING,207.16,4
20,4698756,BOLSA PRETA,88.44,6
20,916168980,COLAR DOURADO,189.81,19
21,911935479,PALE SOMB FLORAL,181.86,14
21,906678881,TIGELA COM TAMPA,84.62,8
21,898549902,MOCH TERMICA TOKOSHI,395.93,7
21,914459692,SHINY LIP GLOSS,89.94,6
21,942826161,BOLA NATAL PRATA 15CM,99.94999999999999,5
21,935697497,GUIRLANDA PLACA BONECO,93.98,2
21,922209645,LABUBU SUPORTE BRACO,105.84,4
21,56892371,BOLSA DE TECIDO,99.94999999999999,5
21,947791421,CORDAO 40 LEDS BOLI,74.97,3
21,916069502,CREAMY BLUSH 5G,214.07999999999998,12
21,927638043,CILIOS TUFINHO NEW SH,195.89999999999998,10
21,935697488,ENF. DE MAD.TREM NATAL,132.56,4
21,8164417180,BABY COGUMELO DIDATICO,147.87,3
21,935697464,BOLA PERO VD 8CM 6 UN,74.97,3
22,916867806,CHAVEIRO STITCH CAPUZ,99.98,2
22,934572598,SACO DE PRES 88x120,89.85000000000001,15
22,935697452,BOLA LISA PEROLADA,71.96,4
22,2396001,LIXEIRA PEDAL 20LT,395.15,10
22,908629677,FORMA PIZZA 35 POLIDO,91.96,4
22,909222920,POTE ORG C/ TAMPA E ESC,99.9,10
22,943965295,SILICONE KITCHEN SET,131.96,4
22,914459785,LIP GLOSS BOBBI RARA,140.29,11
22,906678881,TIGELA COM TAMPA,197.44,16
22,916867806,CHAVEIRO STITCH CAPUZ,194.96,4
22,926769559,MINI FRASCO PORTAT 5ML,79.4,22
22,914970019,KIT DE PRESILHA INFAN,176.41,59
23,940927065,"PAN PRESSAO 2,5L PRETA",68.99,1
23,928486286,FERVEDOR TURIM 12CM,78.27,3
23,911982682,KIT DE FERRAMENTAS,89.97,3
23,908629692,BULE 10 POLIDO,95.96,4
23,909222920,POTE ORG C/ TAMPA E ESC,388.46,34
23,2396243,LAPIS DELINEADOR,87.89,11
23,910807588,PERFUME PURPL MID 30ML,87.98,2
23,910807583,PERF BLACK CLOUB 30ML,87.98,2
23,916069461,PALETA SOMBRA GLOW VIP,183.16000000000003,15
23,940927068,"PAN PRESSAO 4,5L PRETA",169.98,2
23,916136133,LIP GLOSS PHALLEHONEY,134.3,10
23,907206274,ELASTICO DE CABELO,129.73000000000002,27
23,921454255,ESPONJA P/MAQUIAGEM,194.70000000000002,80
24,907206263,ELASTICO DE CABELO,193.06,44
24,958551833,DS 1/4 DEC FUN - 180,371.11,34
24,2396001,LIXEIRA PEDAL 20LT,85.98,2
24,935697494,ENFEITE MUSICAL,163.98,2
24,953881565,FESTAO 9CM VDC/ESTRELA,180.68,28
24,941955511,BOLSA ALC BE YOURSELF G,129.95,5
24,946383440,TC VERSALHES 390ML,78.25,6
24,908629677,FORMA PIZZA 35 POLIDO,68.97,3
24,935697503,ENFEITE DE PENDURAR,89.94,6
24,911935640,KIT OCULOS E COLAR,83.56,4
24,907206299,ENFEITE CABELO SORVETE,94.81,19
24,943965316,MALETA M 20X32CM,115.97,3
25,934840827,CANECA 120ML,89.91,9
25,908629680,FORMA PAO 03 POLIDO,83.94,6
25,909222908,POTE COM TAMPA G,60.47,3
25,936675010,LED CASC 138 AZUL ESTR,76.99,1
25,927396117,NECESS TRANSP YIDA,367.34999999999997,15
25,920458343,TRIO DE GARRAFAS,113.98,2
25,14453222,300L BR FIO TRANS 18804,129.57,3
25,947859709,MOCHILA GX10,89.99,1
25,922961214,CAPIVARA SUPORTE BRACO,82.47,3
25,916069490,LIP GLO BOBBI RARA,179.26,14
25,953881592,BOLSA FEM VIAGEM,191.37,3
25,935697458,BOLA LISA PEROLADA,161.91,9
26,926828908,MOCHILA STITCH C/ BOLSO NA FRENTE,72.49,1
26,936238188,"7,99 MEIA",363.53000000000003,47
26,911982667,SUPER CAR POLICIA,59.98,2
26,940968542,ANTENA DIGITAL,86.97,3
26,907256449,CANECA 220ML,83.33,17
26,936238178,COPO VERSALHES  B OURO,76.89,6
26,184347,PISTA BRINQUE CARRINHO,85.41,9
26,927638014,CILIOS TUFINHO NEW SH,128.58,12
26,937723715,"CANETA POMPOM STITCH 0,5MM",174.13,17
26,907218986,SUPER CARROS SPIDERA,110.17,3
26,935697449,BOLA LISA PEROL VM 20,159.96,4
26,916914583,LUMINARIA EMERGENCIA,188.43,7
27,902896882,"TAP FLOW SORT 0,40X0,60",80.97,3
27,940927068,"PAN PRESSAO 4,5L PRETA",84.99,1
27,921454381,KIT PINCEIS P/ MAQ 3PCS,363.29,31
27,911935560,LIP GLOSS HONEY,71.97,3
27,955237322,RELOGIO PALLYJANE,83.97,3
27,909222908,POTE COM TAMPA G,103.35,5
27,918018859,BOLSA TERMICA GX-400098,127.96,4
27,23623117,OCULOS,74.97,3
27,907256461,POTE C/ TAMP ESCRREDOR,155.97,3
27,918940239,BLUSH E ILUMINADOR MELU 8G,164.89000000000001,11
27,908629689,BULE 12 POLIDO,83.97,3
27,927120450,FANTASI FADA,182.35,5
27,935697482,FITA ARAMA MERRY CHRIS,55.98,2
27,935697485,FITA ARAMADA XADREZ,55.98,2
28,908629686,POP. BULE 14 POLIDO,55.48,2
28,936675021,FESTAO 15CM VERDE ESCURO,74.94,6
28,908629701,FERVEDOR 12 POLIDO,79.95,5
28,927638043,CILIOS TUFINHO NEW SH,363.24,16
28,966683863,LAÇO NATALINO,84.83,17
28,6439142132e,PAPEL DECORO AUTOADES,71.25,5
28,902896882,"TAP FLOW SORT 0,40X0,60",102.56,4
28,934572608,SACO DE PRESENTES,77.88000000000001,12
28,910807593,PERF WILD GIRL 30ML,155.97,3
28,909222976,CANECA 220ML,181.73000000000002,27
28,909223112,MASCARA DE CILIOS PANDA,127.3,10
28,935697461,BOLA MISTA VM 6CM,149.9,10
29,921454334,TOUCA CETIM ESTAMPADA,74.71000000000001,9
29,921454381,KIT PINCEIS P/ MAQ 3PCS,125.87,13
29,942103198,ESCOVA RAQUETE ONDULADA,68.93,7
29,927396112,BOLSA TERMICA URSINHO,359.48,12
29,927949989,BOLSA,49.99,1
29,906678866,POTE COM TAMPA,152.16,9
29,953881445,NECESSERIE LF172,177.01999999999998,8
29,924580061,CESTO C/TAMPA 56L BRANCO,92.77,3
29,924580036,DIAMANTE FUME PRATO,76.89,11
29,916288750,BATOM MATTE UNI,79.92,8
29,902896882,"TAP FLOW SORT 0,40X0,60",80.97,3
29,908629701,FERVEDOR 12 POLIDO,143.91,9
30,909222908,POTE COM TAMPA G,63.17,3
30,961651555,RAQUETE MATA MOSQ 60HZ,74.97,3
30,920123805,PANETTONE FRUTAS BAUD,174.13,7
30,907206263,ELASTICO DE CABELO,49.900000000000006,10
30,916441694,BASE LIQ 30ML LABRANCHE,118.92999999999999,7
30,907218983,SUPER CARRO TURBO,75.98,2
30,916069495,"CORRETIVO BASTAO 6,8G",151.98,12
30,942711937,ARVORE DECORADA,85.48,2
30,917612100,MOCHILA VESOLO AIVISI,151.98,2
30,814230727,BOLSA TERMICA GX-400100,352.99,11
30,915225265,COPO VERSALHES,68.36,4
30,936927141,MOCHILA ANGUO GX,139.98,2
30,909222943,POTE COM TAMPA,79.98,2
31,947859703,"TOALHA BANHO 70X1,40",71.96,4
31,921454334,TOUCA CETIM ESTAMPADA,168.11,19
31,940927065,"PAN PRESSAO 2,5L PRETA",137.98,2
31,902285260,PERF LITE RED NYC 30ML,150.77,3
31,906678881,TIGELA COM TAMPA,71.94,6
31,916441673,MASCARA DE CILIOS PANDA,113.01,9
31,944226970,JOGO DE TALHER 17 PEÇAS,79.96,4
31,909062922,BANDEJA 15X23CM,349.69,11
31,23623117,OCULOS,74.97,3
31,1004581,BATOM GLOSS BRILHO MAÇA,54.94,6
31,935697473,BOLA PEROL VD 10CM 6U,47.99,1
31,1004581,BATOM GLOSS BRILHO MAÇA,67.93,7
32,923232944,KIT PINCEIS P/ MAQ 5PCS LINDA,111.92,8
32,908629677,FORMA PIZZA 35 POLIDO,68.97,3
32,920241513,KIT MINI ESPJ GOTA MAQ 5PCS,166.16,34
32,923523601,DRAGOES BABY,69.99,1
32,909222931,POTE COM TAMPA PL,54.88,2
32,923523607,MINI PETS DA BARBIE,45.98,2
32,944226959,JOGO DE TALHER 25 PEÇAS,45.98,2
32,940927065,"PAN PRESSAO 2,5L PRETA",68.99,1
32,909222943,POTE COM TAMPA,67.48,2
32,937723615,"CARTEIRA 37,99",338.11,9
32,899665965,TACA DE VIDRO,134.85000000000002,15
32,921454255,ESPONJA P/MAQUIAGEM,147.64000000000001,62
32,908629680,FORMA PAO 03 POLIDO,79.74,6
32,944226959,JOGO DE TALHER 25 PEÇAS,68.97,3
33,907206263,ELASTICO DE CABELO,65.55,15
33,916441663,LIP GLOSS COFFEE LIPS,110.52,8
33,56892371,BOLSA DE TECIDO,77.96,4
33,2007266,MASCARA CILIOS RUBY RO,67.96,4
33,922961171,ESCOVA STITCH PEQUENA,146.94,6
33,907206274,ELASTICO DE CABELO,134.73000000000002,27
33,916190620,CABO P/DADOS KY-6011,164.97,13
33,908629677,FORMA PIZZA 35 POLIDO,68.97,3
33,954703799,MONTAGEM LACO,43.47,3
33,935697488,ENF. DE MAD.TREM NATAL,67.98,2
33,907206397,TIGELA COM TAMPA,52.11,9
33,920658434,"CORR NAT BLEND 3,5ML",314.30999999999995,19
34,907206274,ELASTICO DE CABELO,162.98000000000002,37
34,909222920,POTE ORG C/ TAMPA E ESC,76.92,8
34,4698756,BOLSA PRETA,145.4,10
34,927396106,BOLSA ALC BE YOURSELF M,107.75,5
34,101243883,CONTACT ESTAMPADO MT,49.36,4
34,923523613,JURASSIC MINI REX,65.98,2
34,2396001,LIXEIRA PEDAL 20LT,42.99,1
34,908629695,FERVEDOR 16  POLIDO,65.97,3
34,935697488,ENF. DE MAD.TREM NATAL,134.26,4
34,921454211,NECESSAIRE GEO LF92-093,61.730000000000004,2
34,920123802,MINI PANETTO BAUDUCCO,310.79,41
34,907256449,CANECA 220ML,64.87,13
35,2396001,LIXEIRA PEDAL 20LT,161.46,4
35,916169001,BRACELETE PRT. DOU,132.92999999999998,7
35,2339377,CARRINHO KOMBI C.REMOTO,59.99,1
35,916867806,CHAVEIRO STITCH CAPUZ,144.97,3
35,908629695,FERVEDOR 16  POLIDO,65.97,3
35,960850733,BOLSA DE MÃO,39.95,5
35,907206274,ELASTICO DE CABELO,58.81,14
35,907256449,CANECA 220ML,64.87,13
35,2098671,DELINEADOR CANET VIVAI,44.95,5
35,916069490,LIP GLO BOBBI RARA,103.27,8
35,941389843,T RETRATIL - VALDIR,74.2,5
35,927396084,ESPONJA MAQUIAGEM,280.08,72
36,907218986,SUPER CARROS SPIDERA,37.99,1
36,23623117,OCULOS,131.94,6
36,934840849,CANECA 120ML,59.940000000000005,6
36,926828917,MOCHILA STICH / ANGEL,57.99,1
36,907218983,SUPER CARRO TURBO,37.99,1
36,924580058,CESTO C/TAMPA 56L PRATA,63.98,2
36,927638014,CILIOS TUFINHO NEW SH,279.36,24
36,917049068,LIP GLOSS L5572,160.67,14
36,909222943,POTE COM TAMPA,71.98,2
36,916069507,ILUMINADOR 6G SARAH'S BEAUTY,102.62,8
36,916867815,CHAVEIRO STITCH,141.54,6
36,957125433,RELOGIO DE PONTEIRO,59.98,2
36,920458376,TRIO GARRAFA BALÃO G,59.98,1
36,941389685,ALMOFADA DE PESCOÇO,71.98,2
36,908354409,FITA BOPP 45MMX40M,44.13,7
37,935697491,FESTAO VERDE,35.96,4
37,914459738,LIP GLOSS SHINY,63.96,4
37,920241457,KIT ESPJ DE MAQUIAGEM 8PCS,42.27,8
37,922933178,CANETINHA TOUCH 7UN,129.87,13
37,918940232,PALE BLUSH 5G SARAH'S,137.1,10
37,907206299,ENFEITE CABELO SORVETE,59.88,12
37,936157035,CILIOS DE SEDA 9-14 20P,55.47,3
37,912262909,CHOCOT BAUDUCCO,155.94,6
37,919069088,THE MONST COCACOLA,263.93,7
37,929931221,PRESILHA HALLOWEEN,71.92,8
37,921454236,PULSEIRA MIÇANGAS INF,101.56,19
37,908629698,FERVEDOR 14 POLIDO,59.97,3
38,935697485,FITA ARAMADA XADREZ,55.98,2
38,814230707,BOLSA TERMICA GX-400099,262.65,15
38,907206369,FORMA PARA GELO,136.62,18
38,941382453,TORRESMO GOURMET,71.44,10
38,940014920,KIT NAVALHA + ESPONJAS,55.92,8
38,23623117,OCULOS,99.96,4
38,943315064,BOLSA STAR TRANSP C/ALCA,149.95,5
38,960850815,ELASTICOS PARA CABELO,31.96,4
38,908354409,FITA BOPP 45MMX40M,55.16,9
38,914970096,PIRANHA DE CABELO,125.86,14
38,907206380,MINI POTE RET C/ 6 PÇS,63.92,8
38,23623113,OCULOS,41.98,2
38,908629689,BULE 12 POLIDO,55.98,2
39,943315023,OCULOS E LACO INF,55.15,5
39,907218978,MOTO BRINQUEDO,119.94999999999999,5
39,919069088,THE MONST COCACOLA,147.96,4
39,916190620,CABO P/DADOS KY-6011,97.42,8
39,936675013,CASC 138 LEDS CORAÇÃO,134.98,2
39,907206385,MINI POTE COM 4 PÇS,54.900000000000006,10
39,955639988,PT VD CAN 650ML C/COLHER,261.8,10
39,908629677,FORMA PIZZA 35 POLIDO,68.97,3
39,938346640,CONJUNTO TALHERES INOX,54.99,1
39,935697461,BOLA MISTA VM 6CM,29.98,2
39,908091138,CANECA INFANTIL,59.88,12
39,921454255,ESPONJA P/MAQUIAGEM,41.19,22
40,2098671,DELINEADOR CANET VIVAI,54.89,11
40,935697500,ENFEITE DE PENDURAR,68.32,8
40,936675004,CORDAO 100 LEDS VERDE,37.98,2
40,910807593,PERF WILD GIRL 30ML,259.95,5
40,916441668,GLOSS BELLA ANGEL,56.97,3
40,940014955,CANECA 250ML,47.97,3
40,908629701,FERVEDOR 12 POLIDO,47.97,3
40,911935446,ESCOVA LABUBU/STITCH,54.98,2
40,908629677,FORMA PIZZA 35 POLIDO,114.94999999999999,5
40,920132895,CANECA 250 ML,47.97,3
40,776867081,PERF STITCH PF5048,124.94999999999999,5
40,907206299,ENFEITE CABELO SORVETE,29.94,6
40,922945181,LACTA SHOT,145.10999999999999,9
40,941955477,KIT XUXINHAS 24PCS,94.31,19
41,918817603,ESCOVA DE CABELO,52.23,2
41,184347,PISTA BRINQUE CARRINHO,36.96,4
41,938829130,FESTAO 7CM LUXO,47.94,6
41,923523604,BARBIE STYLING,109.99,1
41,926828946,BOLSA DE MAO STITCH / ANGEL,130.47,3
41,936156937,CILIOS DE SEDA 9-14 2X20P,120.82000000000001,8
41,908629668,FORMA TUBO 18 POLIDO,67.14,6
41,918940239,BLUSH E ILUMINADOR MELU 8G,88.44,6
41,911982664,TARTARUGA MARUJO,49.98,2
41,898549879,BOLSA YIYPIANZ 38018,254.96999999999997,3
41,907206311,ESPELHO,27.98,2
41,911982673,COL S.TRUCK CAC VER,51.98,2
42,916867764,CONTORNO EM BASTAO LA7212,51.96,4
42,909222976,CANECA 220ML,51.51,9
42,909222908,POTE COM TAMPA G,109.94999999999999,5
42,923523607,MINI PETS DA BARBIE,45.98,2
42,946794337,CADERNO 80 FOLHAS,34.77,3
42,3040589,BOLSA,25.99,1
42,936675027,FESTAO 7CMC/ PAPAI NOEL,87.44,11
42,907256418,TIGELA COM TAMPA,49.95,5
42,943315056,BOLSA DUKEMODA BROWN,129.98,2
42,14878252,CADEIRA INF PRINCESA,64.58,2
42,907206263,ELASTICO DE CABELO,248.49,51
42,923523610,MINI GATA NA CASINHA,45.98,2
42,907218980,CARRINHO DE BRINQUEDO,45.98,2
42,909223112,MASCARA DE CILIOS PANDA,115.61,9
43,907206263,ELASTICO DE CABELO,44.910000000000004,9
43,974233468,TAMBOR LOSANGO C/ 2 UN,33.57,3
43,935697506,PEND BONECO PELUCIA,25.98,2
43,906678881,TIGELA COM TAMPA,107.91,9
43,2281328,CAPA SOFA 2/3 LUG KING,49.99,1
43,2007266,MASCARA CILIOS RUBY RO,50.97,3
43,911935479,PALE SOMB FLORAL,87.43,7
43,909222920,POTE ORG C/ TAMPA E ESC,113.9,10
43,1057616,PÓ FACIAL BAN FENZZA,62.64,6
43,927418459,KIT ESPON MAQ,247.33,17
43,907206263,ELASTICO DE CABELO,49.900000000000006,10
43,936238164,BOLSA TERM YIYPIANZ,126.71000000000001,4
44,918940224,PO COMPACTO 8G SARAH'S BEAUTY,111.92,8
44,922961171,ESCOVA STITCH PEQUENA,245.95,10
44,907218978,MOTO BRINQUEDO,47.98,2
44,935697479,FITA ARAMADA AR NATAL,24.99,1
44,909222908,POTE COM TAMPA G,43.98,2
44,909222920,POTE ORG C/ TAMPA E ESC,49.95,5
44,921454222,KIT COLAR + PULS + BRINCO INF,48.95,5
44,920241587,MEIA MALUCA PERSONAGENS,32.48,2
44,907206299,ENFEITE CABELO SORVETE,62.370000000000005,13
44,907206299,ENFEITE CABELO SORVETE,124.60000000000001,20
44,908354409,FITA BOPP 45MMX40M,83.72,13
44,914970151,BRINCO DOURADO,107.82000000000001,18
45,906678881,TIGELA COM TAMPA,23.98,2
45,916914411,PERF GOLDEN FLOWERI 30ML,46.79,1
45,907206299,ENFEITE CABELO SORVETE,49.900000000000006,10
45,2508397,BRINC DE ENGENHEIRO,110.94,6
45,926840468,CARREGADOR TURBO100W,119.94999999999999,5
45,928486183,PILHA RECARREG AA SP-1815,76.75,5
45,908629686,POP. BULE 14 POLIDO,60.78,2
45,908629698,FERVEDOR 14 POLIDO,39.98,2
45,909222976,CANECA 220ML,234.15,35
45,908629701,FERVEDOR 12 POLIDO,47.97,3
45,4698756,BOLSA PRETA,104.93,7
45,916136116,LIP GLOSS BOBBI RARA,104.93,7
45,944226970,JOGO DE TALHER 17 PEÇAS,39.98,2
45,"429791755 - 14,99",BODY,29.98,2
46,1057616,PÓ FACIAL BAN FENZZA,47.94,6
46,23623119,"20BI-26,99 OCULOS",26.99,1
46,909222920,POTE ORG C/ TAMPA E ESC,39.96,4
46,908629692,BULE 10 POLIDO,47.98,2
46,908091127,TIGELA PLAST. 15CM,46.410000000000004,14
46,908091127,TIGELA PLAST. 15CM,22.94,6
46,935697446,KIT BOLAS PONTEIRA,101.99,1
46,906678881,TIGELA COM TAMPA,56.349999999999994,5
46,954167014,50 LEDS AZUL 8F 5M 89068,75.10000000000001,10
46,927638014,CILIOS TUFINHO NEW SH,119.24000000000001,11
46,2508400,BRINC DE ENGEN 53PCS,110.19999999999999,5
46,908629662,FORMA TUBO 22 POLIDO,224.07999999999998,12
47,908629695,FERVEDOR 16  POLIDO,21.99,1
47,908629665,FORMA TUBO 20 POLIDO,55.96,4
47,926662603,BOLSA DE MAO CAPIVARA,43.49,1
47,814230712,BOLSA TERMICA GX-400097,220.34,6
47,10101387,FANTASIA DIABINHO,46.99,1
47,916136133,LIP GLOSS PHALLEHONEY,108.76,8
47,906678881,TIGELA COM TAMPA,47.96,4
47,916069495,"CORRETIVO BASTAO 6,8G",47.96,4
47,942826161,BOLA NATAL PRATA 15CM,99.95,5
47,921454246,KIT ESPJ DE DEDO P/ MAQ 7PCS,116.65,15
47,918018873,BOLSA TERMICA GX10-25618,73.98,2
47,908629683,FORMA PAO 02 POLIDO,38.97,3
47,907256418,TIGELA COM TAMPA,26.07,3
48,994361,MASCARA CILIOS VOLUME,25.98,2
48,909062911,ELASTICO DE CABELO,44.910000000000004,9
48,960850761,TIARA COM POMPOM,21.98,2
48,907218983,SUPER CARRO TURBO,37.99,1
48,907218986,SUPER CARROS SPIDERA,37.99,1
48,907256449,CANECA 220ML,108.69000000000001,21
48,916914524,SUPER HAIR BONDE 30ML,214.62,18
48,918940224,PO COMPACTO 8G SARAH'S BEAUTY,69.95,5
48,902896887,"TAP EASY BEGE 0,45X0,75",53.99,1
48,920458365,TRIO GARRAFA ALADIM G,53.99,1
48,2007245,MASC CILIOS LUISANCE,113.94,6
48,944226959,JOGO DE TALHER 25 PEÇAS,45.98,2
48,922961171,ESCOVA STITCH PEQUENA,41.78,2
48,942712153,BOLSA WASHBAG,99.94999999999999,5
48,2645834,DP FACE MASSA ACR 12X2,113.94,6
48,944226970,JOGO DE TALHER 17 PEÇAS,99.94999999999999,5
49,909222908,POTE COM TAMPA G,43.98,2
49,928486213,CABO RAPIDO T-C LE-885C,66.93,7
49,917049112,LIP GLOSS L5629,112.69999999999999,10
49,916441814,PULSEIRA INFANTIL,53.94,6
49,935697500,ENFEITE DE PENDURAR,98.89,11
49,946383440,TC VERSALHES 390ML,210.1,16
49,898549902,MOCH TERMICA TOKOSHI,107.98,2
49,947859703,"TOALHA BANHO 70X1,40",35.98,2
49,935697452,BOLA LISA PEROLADA,35.98,2
49,907206380,MINI POTE RET C/ 6 PÇS,39.15,5
49,916168925,BATOM MATTE,44.910000000000004,9
49,920241477,PINCEL DE ESPONJA P/MAKEUP,25.310000000000002,4
49,907206274,ELASTICO DE CABELO,44.910000000000004,9
49,908629698,FERVEDOR 14 POLIDO,19.99,1
49,965647575,SUTIÃ ADS INVISIBLE,35.98,2
49,23623114,OCULOS,43.98,2
50,906678866,POTE COM TAMPA,53.16,4
50,920602943,KIT GRAMPO COM STRASS,95.84,16
50,943315071,BOLSA BEYOUR TRANP C/ALCA,105.55,5
50,917048953,LIP GLOSS L1201,104.31,9
50,940014908,KIT COLAR + PULSEIRA,19.98,2
50,916069502,CREAMY BLUSH 5G,209.89999999999998,10
50,924078102,PULVERIZADOR GIRAFA 550ML,44.46,10
50,935697500,ENFEITE DE PENDURAR,35.96,4
50,907206326,POTE C/ TAMPA 4 DIVI,22.49,1
50,907206397,TIGELA COM TAMPA,38.33,7
50,907206311,ESPELHO,41.97,3
50,899557590,"16,99 CHAPEU",66.25999999999999,4
51,908629689,BULE 12 POLIDO,50.38,2
51,2722984,MASSINHA SOFT UTIGUTI,21.58,2
51,909222908,POTE COM TAMPA G,43.98,2
51,923523613,JURASSIC MINI REX,32.99,1
51,911126262,BRINC DE CONSTRUTOR 53 PCS,103.53,2
51,924078102,PULVERIZADOR GIRAFA 550ML,40.410000000000004,9
51,936157073,CILIOS NEW SHOW 9-14MM 20P,37.01,4
51,943965295,SILICONE KITCHEN SET,32.99,1
51,916136133,LIP GLOSS PHALLEHONEY,209.15,15
51,918817536,KIT PULSEIRA INFANTIL,94.81,19
51,916069512,"GLOSS GOLD 4,5ML",65.94,6
51,907206274,ELASTICO DE CABELO,19.96,4
51,764267059,"BOLSA PROMOCIONAL 34,99",104.97,3
52,926640286,KIT PROMOCIONAL DELETA DANOS,200.04000000000002,6
52,921603697,CANETA LABUBU 10CORES,101.47,13
52,908629686,POP. BULE 14 POLIDO,31.99,1
52,940015043,BANDEJA PEROLA P,39.99,1
52,909222920,POTE ORG C/ TAMPA E ESC,19.48,2
52,2723112,VELA ELITE CARVAO ATIV,103.52,8
52,935697497,GUIRLANDA PLACA BONECO,93.98,2
52,2923934,PINCA MACRILAN PON RET,20.97,3
52,936675004,CORDAO 100 LEDS VERDE,36.08,2
52,906678866,POTE COM TAMPA,41.97,3
52,916288795,PERFUME SPRAY CUTE,41.97,3
52,907206385,MINI POTE COM 4 PÇS,47.760000000000005,9
52,916069495,"CORRETIVO BASTAO 6,8G",64.95,5
52,909222943,POTE COM TAMPA,39.99,1
53,918008229,PEPSI COLA PET 1L,20.62,3
53,940968417,KIT FERRAMENTA,29.99,1
53,907206380,MINI POTE RET C/ 6 PÇS,39.49,5
53,184347,PISTA BRINQUE CARRINHO,18.98,2
53,907218986,SUPER CARROS SPIDERA,37.99,1
53,906678866,POTE COM TAMPA,199.38,12
53,1307769,MINI VENTILADOR USB,35.98,2
53,916069473,CONTORNO EM BASTAO 7G,63.65,5
53,928486203,CABO RAPIDO T-C CB36-3,63.65,5
53,916914622,POWERBANK 20000MAH,100.79,1
53,934840822,MOCHILA ANGUO GX,89.99,1
53,923523607,MINI PETS DA BARBIE,45.98,2
53,944226959,JOGO DE TALHER 25 PEÇAS,45.98,2
53,909222931,POTE COM TAMPA PL,100.77000000000001,3
54,23623117,OCULOS,99.96,4
54,908629665,FORMA TUBO 20 POLIDO,198.77999999999997,12
54,899793870,PIRANHA PARA CABELO,29.950000000000003,5
54,906678881,TIGELA COM TAMPA,32.97,3
54,184347,PISTA BRINQUE CARRINHO,37.96,4
54,2007266,MASCARA CILIOS RUBY RO,16.99,1
54,942712052,COLAR E BRINCO LISE,38,1
54,911982679,TRUCK FORCE,89.97,3
54,928486193,CARREG RAP T-C LE-233FC,62.36,4
54,184347,PISTA BRINQUE CARRINHO,45.55,5
54,56892371,BOLSA DE TECIDO,99.94999999999999,5
54,943965257,MEU LIVRO DE COLOR FACIAL,19.99,1
55,908629701,FERVEDOR 12 POLIDO,15.99,1
55,961734348,COLAR LISE GL173S,36.5,1
55,934572557,SACO DE PRESENTE,27.96,4
55,921454381,KIT PINCEIS P/ MAQ 3PCS,18.98,2
55,921454199,NECESSAIRE 3EM1SUMMER CATS,32.49,1
55,920241629,CARREG RAPIDO CA09-3,197.89999999999998,10
55,963137176,COLAR LISE GL173J,36.5,1
55,776867062,PERFUME STITCH PF59,97.94999999999999,5
55,954124845,COLAR LISE GL173F,36.5,1
55,953314249,COLAR LISE G173RP,36.5,1
55,953314202,COLAR LISE G173MP,36.5,1
55,918940224,PO COMPACTO 8G SARAH'S BEAUTY,37.64,3
55,184347,PISTA BRINQUE CARRINHO,61.89,6
55,918817547,BRACELETE DOURADO,89.94999999999999,5
55,911935613,MAGIC LIP GLOSS CY86033,95.92,8
55,946794190,NUTRY BANANA/MEL 24G,43.129999999999995,21
56,916441694,BASE LIQ 30ML LABRANCHE,96.83999999999999,6
56,907256409,COPO DE VIDRO 480ML VITRAGE,34.95,5
56,936238193,GARRAFA TERM 800ML,197.42,8
56,906678866,POTE COM TAMPA,13.99,1
56,1010326,UNHAS POSTICA 24 Pc,18.96,4
56,922961171,ESCOVA STITCH PEQUENA,95.50999999999999,4
56,935697503,ENFEITE DE PENDURAR,89.94,6
56,2396001,LIXEIRA PEDAL 20LT,42.99,1
56,938147844,SACOLA PRES CAPYBARA,27.93,7
56,921454255,ESPONJA P/MAQUIAGEM,60.75,25
56,907256418,TIGELA COM TAMPA,32.36,4
56,916288816,LIP GLOSS,35.98,2
57,920603085,PLUG MACHO 20A 3P,41.24,6
57,946794190,NUTRY BANANA/MEL 24G,16.18,7
57,909222920,POTE ORG C/ TAMPA E ESC,89.91,9
57,926769559,MINI FRASCO PORTAT 5ML,94.80000000000001,20
57,2098671,DELINEADOR CANET VIVAI,194.32,28
57,2645834,DP FACE MASSA ACR 12X2,93.05,5
57,918940251,GLOSS MAGICO GOOD GIRL 3ML,60.230000000000004,7
57,922057115,ILUMIN JELLY ILUME,35.97,3
57,960850743,PIRANHA DE CABELO,10.98,2
57,905753964,ESTOJO P/ ESC DENTE,10.98,2
57,942712002,MASCARA DE DORMIR,34.93,7
57,936675031,FESTAO 7CM METALIZADO,31.16,4
57,935697482,FITA ARAMA MERRY CHRIS,27.81,1
58,917049112,LIP GLOSS L5629,91.12,8
58,908091150,CANECA INFANTIL,9.99,1
58,949551549,ANEL LISE A0416P,33,2
58,907206299,ENFEITE CABELO SORVETE,31.15,5
58,924078107,PULVERIZADOR OVAL 550ML,35.92,8
58,907256418,TIGELA COM TAMPA,9.99,1
58,1011492,UNHAS POSTICA KISS,191.8,20
58,2007349,CORRT ALTA COBERTURA FABELLA,14.99,1
58,923233034,"LIP GLOSS 4,2ML S6727",59.98,2
58,938731916,POCHETE MASCULINA,39.98,2
58,971107952,FTA MIST CHUCKY 600ML,27.61,4
58,914459715,LIP GLOSS 22228,93.52,8
58,914970146,BRINCO DOURADO,89.82000000000001,18
59,2396001,LIXEIRA PEDAL 20LT,85.98,2
59,908354511,PALETA ILUMINADOR,33.98,2
59,2435083,DOBRADICA 3 C/ PARAF. C/ 2 UNIDS,33.98,2
59,8164417180,BABY COGUMELO DIDATICO,39.59,1
59,923523613,JURASSIC MINI REX,32.99,1
59,943965295,SILICONE KITCHEN SET,32.99,1
59,3040589,BOLSA,25.99,1
59,940968542,ANTENA DIGITAL,92.97,3
59,911982676,COL S.TRUCK CAC BARCOS,25.99,1
59,916190620,CABO P/DADOS KY-6011,188.35,15
59,918940251,GLOSS MAGICO GOOD GIRL 3ML,88.1,10
59,926769431,KIT MANICURE 6PCS,14.98,2
59,958551818,PULVERIZADOR PQ DEC 300ML B2,30.36,4
59,918817536,KIT PULSEIRA INFANTIL,9.98,2
59,911816468,KIT LACO E MEIA INF K01538,59.97,3
60,943965357,COLAR LISE G172DP,32.5,1
60,953314244,COLAR LISE G172VP,32.5,1
60,961734333,COLAR LISE GL172T,32.5,1
60,910807583,PERF BLACK CLOUB 30ML,87.98,2
60,907206326,POTE C/ TAMPA 4 DIVI,85.52,3
60,946794190,NUTRY BANANA/MEL 24G,8.76,4
60,911126292,DOMINO SPIDEY,85.52,3
60,926769559,MINI FRASCO PORTAT 5ML,57.38,12
60,907206311,ESPELHO,14.49,1
60,927396129,BOLSA TERM URSIN,185.94,6
60,23623122,OCULOS,29.99,1
60,924580061,CESTO C/TAMPA 56L BRANCO,31.99,1
60,940968450,LANTERNA USB,25.17,1
60,908629686,POP. BULE 14 POLIDO,31.99,1
60,935697506,PEND BONECO PELUCIA,38.97,3
60,924078102,PULVERIZADOR GIRAFA 550ML,85.31,19
61,914459726,LIP GLOSS,29.98,2
61,"578093743 - 9,99",ESCOVA P/CABELO,29.97,3
61,918018859,BOLSA TERMICA GX-400098,185.54,6
61,911126256,BRINC DE ENGENHEIRO,80.97,3
61,916136116,LIP GLOSS BOBBI RARA,29.98,2
61,907206380,MINI POTE RET C/ 6 PÇS,7.99,1
61,908091127,TIGELA PLAST. 15CM,87.76,24
61,935697479,FITA ARAMADA AR NATAL,24.99,1
61,934572567,SACO DE PRES 10x15,32.33,66
61,908629689,BULE 12 POLIDO,83.97,3
61,909062911,ELASTICO DE CABELO,38.910000000000004,8
61,898761154,PLASTICO ADESIVO 45X10M METALIZADO,53.99,1
61,936675029,FESTAO 9CM METALIZADO,13.98,2
62,921454178,KIT ESPJ MAQ FRUTAS 3P,28.97,3
62,916069461,PALETA SOMBRA GLOW VIP,51.96,4
62,927899594,"LAPISEIRA BOLD 0,7M",13.44,6
62,916441663,LIP GLOSS COFFEE LIPS,181.87,13
62,909222987,ELASTICO DE CABELO,24.43,7
62,908629686,POP. BULE 14 POLIDO,31.99,1
62,3053717,POTE ENFEITE HALLOWEEN,7.49,1
62,941389662,BANDEJA PEROLA PP,31.99,1
62,920053819,CAPA P/COLCHAO MONACO,79.49,1
62,914970113,BATOM MORANGO,29.94,6
62,2723112,VELA ELITE CARVAO ATIV,37.769999999999996,3
62,918817578,KIT DE 6 PRESILHAS,83.86,14
62,926840506,FONE DE OUVIDO S/FIO J-70 PRO,79.98,2
63,920132884,CANECA 250 ML,31.98,2
63,908354409,FITA BOPP 45MMX40M,73.98,12
63,916441739,PRESILHA DOURADA,80.91,9
63,916288658,ESCOVA C/ PÁ PLASTCO,6.99,1
63,908629689,BULE 12 POLIDO,27.99,1
63,943965306,MALETA P 16X28CM,35.99,1
63,920241513,KIT MINI ESPJ GOTA MAQ 5PCS,78.84,16
63,02909,CONTACT METALIZADO MT,12.99,1
63,916069452,PRIM SKIN PERFECT 25ML,179.92,8
63,14878252,CADEIRA INF PRINCESA,73.98,2
63,934572567,SACO DE PRES 10x15,22.52,46
63,2098671,DELINEADOR CANET VIVAI,6.99,1
63,908091150,CANECA INFANTIL,27.52,3
63,926769441,KIT MANICURE 5PCS,51.650000000000006,5
63,918817426,LAÇO COM PÉROLAS,80.91,9
64,916867764,CONTORNO EM BASTAO LA7212,50.66,4
64,927637915,TOA DE MICROFIBRA P/ CABELO,50.66,4
64,908629668,FORMA TUBO 18 POLIDO,175.38,12
64,"504671,",BALDE FESTIVAL LAVANDERIA,26.98,2
64,911935598,LIP GLOSS S6689,79.92,8
64,911982667,SUPER CAR POLICIA,29.99,1
64,911982679,TRUCK FORCE,29.99,1
64,937723715,"CANETA POMPOM STITCH 0,5MM",73.43,7
64,942826161,BOLA NATAL PRATA 15CM,35.98,2
64,911982670,SUPER CAR BOMBEIRO,29.99,1
64,924078092,PULVERIZADOR FLOR 700ML,5.49,1
64,907256418,TIGELA COM TAMPA,19.98,2
64,3040589,BOLSA,77.97,3
64,908091127,TIGELA PLAST. 15CM,27.93,7
64,1288187,SABONETE FLOR YPE 85G,8.97,3
64,920602966,BOLSINHA INFANTIL,79.92,8
65,943965219,FANTASIA BRUX ABOBORA M,32.99,1
65,936675010,LED CASC 138 AZUL ESTR,76.99,1
65,23623119,"20BI-26,99 OCULOS",26.99,1
65,960850825,KIT 6 PRESILHAS,4.99,1
65,1037529,CHICLE BOLA RECHEADO,49.03,17
65,2098671,DELINEADOR CANET VIVAI,26.97,3
65,909223075,PRESILHA DOURADA,79.9,10
65,908091150,CANECA INFANTIL,29.97,3
65,920658539,ESP BOLS RET GLITTER,174.86,14
65,927396117,NECESS TRANSP YIDA,72.47,3
65,907206274,ELASTICO DE CABELO,19.96,4
65,942103369,CANECA CRISTAL 250ML,8.09,1
66,908091115,POTE PL 4 DIVISORIAS,25.99,1
66,908629662,FORMA TUBO 22 POLIDO,31.98,2
66,2401546,HONEY BLUSH & LIPGLOSS,7.99,1
66,936157061,CILIOS NEW SHOW 9-14MM 30P,76.93,7
66,3040589,BOLSA,25.99,1
66,1011492,UNHAS POSTICA KISS,47.95,5
66,924078102,PULVERIZADOR GIRAFA 550ML,4.49,1
66,926840478,CADEADO C/SENHA MINIMEN,71.97,3
66,961216939,COLAR LISE,29,1
66,776867108,GUARD COQ 22X23CM 50FL,173.14000000000001,46
66,934572577,SACO DE PRES 58x89,14.97,3
66,908629701,FERVEDOR 12 POLIDO,31.98,2
66,911982676,COL S.TRUCK CAC BARCOS,77.97,3
67,908629683,FORMA PAO 02 POLIDO,25.98,2
67,814230776,KIT LACO + TIC TAC,47.94,6
67,955639979,PT VD CAN 850ML C/COLHER,170.94,6
67,943394006,PORTA COPO 8 LUG CROMA,25.98,2
67,914969985,KIT ESPONJA MAQUI C/4,3.99,1
67,918940232,PALE BLUSH 5G SARAH'S,25.98,2
67,922961180,STITCH SUPORTE BRACO,24.74,1
67,955093795,BOLSA COLOR CAQUI,69.99,1
67,2396243,LAPIS DELINEADOR,31.12,8
67,926769421,KIT P/ SOBRANCELHAS 2PCS,7.58,2
67,914459785,LIP GLOSS BOBBI RARA,25.98,2
67,946968438,COLAR E BRINCO LISE,28.5,1
67,916867785,BRUMA FIXADORA MATTE,25.98,2
67,929931283,LUMINARIA REPEL ELET,75.96,4
67,926840436,CABO USB IOS 1METRO,11.99,1
67,943965290,ISQUEIRO PEDRA,77.61,39
68,941955570,PRESILHA INF CARTELADA 03,45.74,16
68,899793817,COLHER NEW CAPRESE,3.98,2
68,955640027,KIT MALDIVAS PT 18PC,169.99,1
68,918817573,PRESILHA DE CORAÇÃO,76.89,11
68,934572598,SACO DE PRES 88x120,11.98,2
68,926769503,KIT ESCV FACIAL + LIXA + ESCV,7.49,1
68,2396243,LAPIS DELINEADOR,23.94,6
68,916441703,KIT DE STRASS,27.93,7
68,914969985,KIT ESPONJA MAQUI C/4,27.93,7
68,916867790,CHOCO FUN FENZZA,73.45,5
68,911982664,TARTARUGA MARUJO,24.99,1
68,911982679,TRUCK FORCE,29.99,1
68,"578093743 - 9,99",ESCOVA P/CABELO,69.93,7
69,907218978,MOTO BRINQUEDO,23.99,1
69,927899581,"LAPISEIRA BOLD 0,7M",7.220000000000001,3
69,920241513,KIT MINI ESPJ GOTA MAQ 5PCS,44.910000000000004,9
69,926662621,BOLSA DE MAO LABUBU,69.33000000000001,2
69,908091127,TIGELA PLAST. 15CM,11.97,3
69,936186997,CHOKER K074A,27.5,1
69,921515158,SAIA PARA FESTAS,29.98,2
69,909222987,ELASTICO DE CABELO,76.78,22
69,905754078,HALTER PARA CÃES,168.14,6
69,2723112,VELA ELITE CARVAO ATIV,22.78,2
69,921454334,TOUCA CETIM ESTAMPADA,71.02000000000001,8
69,927899568,"LAPISEIRA BOLD 0,7M",2.99,1
70,923169665,FACA MESA CONTINENTAL,6.98,2
70,916168917,ILUMINADOR SHIMMER,23.98,2
70,949551504,ANEL LISE A0316P,27,2
70,907206326,POTE C/ TAMPA 4 DIVI,22.49,1
70,905753964,ESTOJO P/ ESC DENTE,10.98,2
70,907206385,MINI POTE COM 4 PÇS,10.98,2
70,916914575,LUMINARIA E VENTILADOR,66.99,1
70,914459708,SHINY LIP GLOSS,23.98,2
70,920458388,CACHEPOT CORAÇÃO,28.99,1
70,907256449,CANECA 220ML,166.88,32
70,940927059,"PANELA PRESSAO 4,5L",75.99,1
70,955093795,BOLSA COLOR CAQUI,69.99,1
70,944571210,NUTRY AVELA C/CHO 22G,2.19,1
70,918940257,LAPIS LABIAL S8330,43.15,5
71,899793829,COLHER DE CHÁ,1.99,1
71,936675027,FESTAO 7CMC/ PAPAI NOEL,166.39000000000001,21
71,911935571,LIP GLOSS L3908,68.94,6
71,916069446,"BASE LIQ NATURAL BLEND 3,5ML",41.97,3
71,1039481,"CORTADOR UNHA 7,8 WELLMIX",4.99,1
71,942712125,CARTEIRA FEMININA,74.97,3
71,923523610,MINI GATA NA CASINHA,22.99,1
71,4698756,BOLSA PRETA,28.48,2
71,908091115,POTE PL 4 DIVISORIAS,22.04,1
71,929931312,"MASCARA DESCARTAV 2,99",26.910000000000004,9
71,921454178,KIT ESPJ MAQ FRUTAS 3P,64.84,6
71,946794190,NUTRY BANANA/MEL 24G,10.84,5
72,911982673,COL S.TRUCK CAC VER,25.99,1
72,911982676,COL S.TRUCK CAC BARCOS,25.99,1
72,920241523,ESPJ DE MAQUIAGEM NO ESTJ,38.35,5
72,908629680,FORMA PAO 03 POLIDO,161.6,10
72,955093740,ARAME DE NATAL,1.98,2
72,920053817,CAPA P/COLCHAO MONACO,67.94,1
72,908091150,CANECA INFANTIL,9.99,1
72,924078092,PULVERIZADOR FLOR 700ML,21.96,4
72,907206311,ESPELHO,27.98,2
72,926828917,MOCHILA STICH / ANGEL,64.49,1
72,908091115,POTE PL 4 DIVISORIAS,25.99,1
72,909222908,POTE COM TAMPA G,21.59,1
72,955093749,GUARDA CHUVA AZUL,71.96,4
72,944571210,NUTRY AVELA C/CHO 22G,4.98,2
73,938855717,PULSE LISE PL138B,25,1
73,947103802,COLAR E BRINCO CJI023,25,1
73,916914632,POWERBANK 10000MAH,63.99,1
73,898740711,ARQUIVO FACIL - PRETO,20.97,3
73,916914627,APARADOR DE CABELO KEMEI,63.99,1
73,943394004,PORTA PAPEL T MESA,27.97,3
73,916288658,ESCOVA C/ PÁ PLASTCO,20.97,3
73,908091127,TIGELA PLAST. 15CM,71.82,18
73,1011492,UNHAS POSTICA KISS,20.880000000000003,2
73,908091138,CANECA INFANTIL,9.98,2
73,920241504,ESPJ DE DEDO P/ MAQ.,3.98,2
73,908091138,CANECA INFANTIL,67.52000000000001,13
73,928486183,PILHA RECARREG AA SP-1815,159.9,10
73,926769544,LIXA POLIDORA DE UNHAS,37.07,13
74,923523598,BABY DRAGOES,69.99,1
74,947859703,"TOALHA BANHO 70X1,40",19.99,1
74,916441668,GLOSS BELLA ANGEL,65.97,3
74,935697491,FESTAO VERDE,8.99,1
74,909996071,BODY SPLASH LOVELY KIWI 200ML,19.99,1
74,947859745,PIRANHA DE CABELO,24.950000000000003,5
74,936675031,FESTAO 7CM METALIZADO,36.75,5
74,928181208,"ESPONJA MAQUIAGEM 5,99",158.73000000000002,27
74,926840526,SUPORTE DE TABLET,63.98,2
74,776867062,PERFUME STITCH PF59,19.99,1
74,944226970,JOGO DE TALHER 17 PEÇAS,19.99,1
74,908091138,CANECA INFANTIL,27.44,6
74,56892371,BOLSA DE TECIDO,19.99,1
75,2923943,PINCA MACRILAN P FINA,19.98,2
75,951302746,DISPENSER TRAVA MAIS,157.4,5
75,922933348,CANECA 120 ML,69.93,7
75,2396243,LAPIS DELINEADOR,7.99,1
75,907206380,MINI POTE RET C/ 6 PÇS,7.99,1
75,908090915,ESMALTE IMPALA,62.910000000000004,9
75,936675004,CORDAO 100 LEDS VERDE,36.08,2
75,10125035,BOLSA,26.99,1
75,916441892,COLAR PRATA,69.93,7
75,911126277,JG MEMORIA  ANIMAIS,64.47,3
75,948570370,BRINCO LISE IM174P,24,1
75,924580044,PAR DE LUVAS M,19.98,2
75,908091150,CANECA INFANTIL,19.98,2
76,911935587,PALETA SOMB STITCH,63.96,4
76,918940207,PALETA SOMBRAS FIRST CHOICE,63.96,4
76,938855766,TIARA COROA ROXA,23.98,2
76,907206397,TIGELA COM TAMPA,157.26,24
76,916288658,ESCOVA C/ PÁ PLASTCO,6.99,1
76,954703906,PRESILHAS LACO PÉROLAS,18.99,1
76,942103369,CANECA CRISTAL 250ML,26.95,5
76,926840436,CABO USB IOS 1METRO,60.760000000000005,4
76,936675001,CORDAO 100 LEDS FIXA,18.99,1
76,920241608,CABO CARREG T-C - T-C EZ-W86,35.98,2
76,898740711,ARQUIVO FACIL - PRETO,69.9,10
76,905753964,ESTOJO P/ ESC DENTE,16.47,3
77,924078120,SABONETEIRA FLOR 550ML,15.96,4
77,954703789,MONTAGEM LACO,26.939999999999998,6
77,938829130,FESTAO 7CM LUXO,23.97,3
77,776867129,P. HIG MAX PURE FD 12R,156.51,9
77,920123799,MINI CHOCO BAUDU 80GR,60.72,8
77,907218980,CARRINHO DE BRINQUEDO,68.97,3
77,920241486,PINCEL KABUKI P/ MAKEUP,35.96,4
77,936156927,CILIO NEW SHOW SEDA,18.98,2
77,920123802,MINI PANETTO BAUDUCCO,62.32,8
77,2281249,CANETA PAPERMATE KILO,3.98,2
78,909062911,ELASTICO DE CABELO,14.97,3
78,905753964,ESTOJO P/ ESC DENTE,26.35,5
78,916069502,CREAMY BLUSH 5G,34.18,2
78,914970053,PIRANHA DE CABELO,23.94,6
78,56892371,BOLSA DE TECIDO,155.92,8
78,921454236,PULSEIRA MIÇANGAS INF,18.96,4
78,907256449,CANECA 220ML,18.96,4
78,916190640,PIST COLA QUENTE 40W,60.78,2
78,916136133,LIP GLOSS PHALLEHONEY,66.43,7
78,927120419,FANT PRINC FROZEN,59.99,1
79,908091138,CANECA INFANTIL,18.46,4
79,899559322,KIT XUXINHA,23.88,12
79,937723584,CP DESC 50ML TOTAL PLAS,153.7,30
79,911982664,TARTARUGA MARUJO,24.99,1
79,941955467,KIT XUXINHAS 24PCS,33.43,7
79,56892371,BOLSA DE TECIDO,59.97,3
79,926840500,MOUSE 1200DPI,59.95,5
79,927899581,"LAPISEIRA BOLD 0,7M",14.950000000000001,5
79,923523613,JURASSIC MINI REX,65.98,2
79,935697479,FITA ARAMADA AR NATAL,24.99,1
80,942712002,MASCARA DE DORMIR,15.920000000000002,3
80,911935576,LIP GLOSS L5573,59.95,5
80,917049068,LIP GLOSS L5572,59.95,5
80,907218978,MOTO BRINQUEDO,23.99,1
80,943314936,FONE TIPO C GOLD,57.98,2
80,908629683,FORMA PAO 02 POLIDO,151.8,10
80,926769452,KIT EXTRATORES DE CRAVOS 2PCS,32.67,6
80,916288760,BLUSH E ILUMINADOR,13.99,1
80,938855773,TIARA LAÇO AZUL,22.99,1
80,923523607,MINI PETS DA BARBIE,22.99,1
80,908629692,BULE 10 POLIDO,23.99,1
80,923523610,MINI GATA NA CASINHA,22.99,1
80,916441870,LACINHO COM TRANÇA,65.94,6
81,908091115,POTE PL 4 DIVISORIAS,23.39,1
81,936238178,COPO VERSALHES  B OURO,151.07999999999998,12
81,946794350,CADERNO 256 FOLHAS,32.49,1
81,958610372,PLACA ADS PVC 30*60CM,54.39,12
81,922973137,BRUMA FIXADORA,12.99,1
81,916136141,Lip Plump Gloss,12.99,1
81,921454246,KIT ESPJ DE DEDO P/ MAQ 7PCS,13.280000000000001,2
81,911126286,JG MEMORIA SPIDEY,58.879999999999995,2
81,942940814,CAIXA DE PRESENTE 29CM,21.99,1
81,914970053,PIRANHA DE CABELO,64.87,13
81,941389797,LEQUE,64.87,13
82,2722984,MASSINHA SOFT UTIGUTI,23.38,2
82,942712136,CARTEIRA FEMININA,63.98,2
82,916069490,LIP GLO BOBBI RARA,11.99,1
82,926769483,KIT NAVALHETE + 3 REFIS,30.71,9
82,916288658,ESCOVA C/ PÁ PLASTCO,12.33,2
82,926769452,KIT EXTRATORES DE CRAVOS 2PCS,54.35,10
82,920658577,BLUSH STICK 4G IAMO,151.05,15
82,941389717,UNHAS POSTIÇAS,21.98,2
82,907206385,MINI POTE COM 4 PÇS,58.1,10
83,947103720,VASO VIDRO P,9.99,1
83,924580040,PAR DE LUVAS G,9.99,1
83,907256418,TIGELA COM TAMPA,9.99,1
83,908629662,FORMA TUBO 22 POLIDO,63.96,4
83,907218980,CARRINHO DE BRINQUEDO,22.99,1
83,929265183,BOLSA TERMICA TOKOSHI,53.99,1
83,911935566,LIP OIL,63.96,4
83,938855735,PULSE LISE PL154C,21.5,1
83,946794190,NUTRY BANANA/MEL 24G,149.86,64
83,898740711,ARQUIVO FACIL - PRETO,11.98,2
83,911935598,LIP GLOSS S6689,9.99,1
83,907256418,TIGELA COM TAMPA,57.69,6
83,1999921,CONTOR  MARM RUBY ROSE,29.98,2
84,958551818,PULVERIZADOR PQ DEC 300ML B2,148.04,16
84,916288658,ESCOVA C/ PÁ PLASTCO,20.97,3
84,899665948,DADINHO STICK 19G,22.73,15
84,907206263,ELASTICO DE CABELO,9.98,2
84,942826199,STRASS,9.98,2
84,839764958,ESPELHO DE BOLSA,29.97,3
84,910807616,LIP GLOSS J318,57.55,5
84,942103390,MASC DORMIR GEL STITCH,10.99,1
84,921515244,CINTO MASCULINO,63.65,5
84,920241457,KIT ESPJ DE MAQUIAGEM 8PCS,52.71,9
84,917049122,LIP BALM/OIL GZ8010404,10.99,1
84,934572557,SACO DE PRESENTE,20.97,3
85,936157061,CILIOS NEW SHOW 9-14MM 30P,9.99,1
85,938855747,PULSE LISE PL001C,19.99,1
85,927396101,ESPONJA MAQUIAGEM,147.43,17
85,2281328,CAPA SOFA 2/3 LUG KING,55.99,1
85,941955454,TRIO CONT. BLUSH E ILUM,27.99,1
85,947791432,50L WARM 5M FIO VER,7.99,1
85,935697491,FESTAO VERDE,62.93,7
85,914970014,ARCO INFANTIL,62.93,7
85,906678881,TIGELA COM TAMPA,50.660000000000004,4
85,945082916,PORTA CRACHÁ,62.93,7
85,947859828,BOLA M,19.99,1
85,947695225,CHAVEIRO QUADRO DESENH,9.99,1
86,934840892,BRINCO LISE,17.5,1
86,920241587,MEIA MALUCA PERSONAGENS,9.49,1
86,994361,MASCARA CILIOS VOLUME,55.96,4
86,922057068,CADEADO 20MM - FENIX,5.99,1
86,3053717,POTE ENFEITE HALLOWEEN,5.99,1
86,923232922,PIN MAQUIAGEM LINDA,27.98,2
86,958551815,PULVERIZADOR DEC 580ML B2,9.49,1
86,929931268,CABO DE DADOS INOVA 1M,19.98,2
86,924078092,PULVERIZADOR FLOR 700ML,60.39,11
86,946968657,"TOALHA 70X1,40CM",50.37,3
86,3040589,BOLSA,145.54,6
87,920241447,ESPONJA CACAHUATE HB101843,27.57,8
87,927899568,"LAPISEIRA BOLD 0,7M",5.98,2
87,911126283,JG MEMORIA TURMA DA MONICA,53.98,2
87,23623114,OCULOS,19.79,1
87,957764262,BOLSA FEMININA J-019,59.99,1
87,938855773,TIARA LAÇO AZUL,19.79,1
87,908629695,FERVEDOR 16  POLIDO,19.79,1
87,924078092,PULVERIZADOR FLOR 700ML,16.47,3
87,951302730,DISPENSER TRAVA MAIS CRISTAL,144.26,4
87,10419811,CORRETIVO LIQ FENZZA,8.99,1
87,927899594,"LAPISEIRA BOLD 0,7M",5.98,2
87,105532CM,ALICATE PARA CUTICUL 722,49.99,1
87,947695214,CANECA CAFE 85ML,8.99,1
87,909223069,PROTETOR LABIAL STITCH,8.99,1
87,926769441,KIT MANICURE 5PCS,8.99,1
87,961867962,CHAVEIRO LABUBU,49.99,1
88,776867072,PERF STITCH 35ML PF4030,49.98,2
88,2723112,VELA ELITE CARVAO ATIV,144.09,11
88,921454334,TOUCA CETIM ESTAMPADA,7.64,1
88,920132873,CANECA 250 ML,15.99,1
88,920132895,CANECA 250 ML,15.99,1
88,10125035,BOLSA,26.99,1
88,920241477,PINCEL DE ESPONJA P/MAKEUP,52.42,8
88,911935640,KIT OCULOS E COLAR,59.97,3
88,908629698,FERVEDOR 14 POLIDO,59.97,3
88,908629671,FORMA TUBO 16 POLIDO,18.98,2
89,926769473,KIT MANICURE 5PCS,7.49,1
89,908629668,FORMA TUBO 18 POLIDO,59.95,5
89,918940212,BRONZER COMPACTO LOVELY,26.07,3
89,908091127,TIGELA PLAST. 15CM,51.86,14
89,908629698,FERVEDOR 14 POLIDO,17.99,1
89,936812732,BRINCO LISE,15.5,1
89,955640057,ESC LIMP GRELHAS MED,7.49,1
89,941389758,ANEL LISE FOLHEADO,15.5,1
89,898740711,ARQUIVO FACIL - PRETO,49.120000000000005,9
89,928486203,CABO RAPIDO T-C CB36-3,141.59,11
90,908091138,CANECA INFANTIL,14.97,3
90,942826199,STRASS,14.97,3
90,907206274,ELASTICO DE CABELO,14.97,3
90,946968521,XÍCARA,17.98,2
90,907256418,TIGELA COM TAMPA,59.94,6
90,939694600,ESCOVA STITCH S-0158,48.98,2
90,776867072,PERF STITCH 35ML PF4030,49.98,2
90,920241558,BLUSH COMP POPSTAR,25.98,2
90,918817552,PULSEIRA COM PINGENTE,59.94,6
90,926769559,MINI FRASCO PORTAT 5ML,140.71,29
90,923169665,FACA MESA CONTINENTAL,6.98,2
90,939694591,ESCOVA LABUBU S-0766,48.98,2
91,908629692,BULE 10 POLIDO,25.64,1
91,944571210,NUTRY AVELA C/CHO 22G,16.419999999999998,8
91,920241477,PINCEL DE ESPONJA P/MAKEUP,48.93,7
91,948570238,BRINCO LISE 2040P,14.5,1
91,908629692,BULE 10 POLIDO,139.6,5
91,1011492,UNHAS POSTICA KISS,48.95,5
91,918817568,PRESILHA DE FLOR C/ 2,59.900000000000006,10
91,954124713,BRINCO LISE 2039,14.5,1
91,920241447,ESPONJA CACAHUATE HB101843,5.98,2
92,918817603,ESCOVA DE CABELO,137.95,5
92,954703853,ESP LOVE PATCHES 80F,13.99,1
92,922209635,CHAVEIRO CAPIVARA BOIA,48.25,5
92,954703661,TUBIN LIMAO 48G MONTEVE,16.330000000000002,6
92,935697482,FITA ARAMA MERRY CHRIS,55.98,2
92,920241587,MEIA MALUCA PERSONAGENS,24.99,1
92,926840431,FONE DE OUVIDO TIPO-C,47.97,3
92,921454255,ESPONJA P/MAQUIAGEM,5.76,3
93,899557528,KIT MANICURE SET 7PCS,23.98,2
93,917049122,LIP BALM/OIL GZ8010404,47.96,4
93,921515254,LIP BALM STITCH,15.98,2
93,917048953,LIP GLOSS L1201,47.36,4
93,916168971,PRESILHAS LACO PÉROLAS,55.53,7
93,938829130,FESTAO 7CM LUXO,15.98,2
93,940014903,KIT COLAR + PULSEIRA,13.98,2
93,926769483,KIT NAVALHETE + 3 REFIS,5.68,2
93,958369116,"BOLSA TERMICA 19,99",135.92999999999998,7
94,926769473,KIT MANICURE 5PCS,23.97,3
94,958551815,PULVERIZADOR DEC 580ML B2,134.07,13
94,944571210,NUTRY AVELA C/CHO 22G,13.14,6
94,920241457,KIT ESPJ DE MAQUIAGEM 8PCS,5.49,1
94,942103355,MASCARA DORMIR STITCH,5.49,1
94,957125459,BOLSA DE VIAGEM,54.99,1
94,926840473,CARREGADOR TURBO100W,45.58,2
94,903338021,CHOCOLATE STICK,15.6,6
94,911935457,LACINHO E ÓCULOS,47.46,4
95,2007245,MASC CILIOS LUISANCE,15.29,1
95,914459708,SHINY LIP GLOSS,54.95,5
95,899557579,CILIOS POSTIÇOS BEAUTY,23.950000000000003,5
95,910807588,PERFUME PURPL MID 30ML,43.99,1
95,1010326,UNHAS POSTICA 24 Pc,4.99,1
95,907206385,MINI POTE COM 4 PÇS,4.99,1
95,953881565,FESTAO 9CM VDC/ESTRELA,132.8,20
95,947103904,BRINCO LISE 668A,13,1
95,184347,PISTA BRINQUE CARRINHO,47.199999999999996,5
96,920241504,ESPJ DE DEDO P/ MAQ.,22.88,12
96,907206299,ENFEITE CABELO SORVETE,54.89,11
96,926840635,BOLSA,40.94,1
96,920241513,KIT MINI ESPJ GOTA MAQ 5PCS,4.49,1
96,942826407,CANECA NATAL 360ML,131.92999999999998,7
96,953858177,KIT PINCEIS MAQUIAGEM,12.99,1
96,907206263,ELASTICO DE CABELO,47.14,11
96,916867824,CERVEJA SPATEN 330ML,15.18,2
97,926769463,TESOURA PONTA CURVA,3.99,1
97,936187032,"LAÇO PRESENTE P 0,99",12.87,13
97,911126298,ABC MEMORIA T. DA MONICA,46.99,1
97,945082931,CARTEIRA MASCULINA,53.97,3
97,935697452,BOLA LISA PEROLADA,53.97,3
97,943315048,BOLSA YIYPIANZ,39.99,1
97,1307769,MINI VENTILADOR USB,22.49,1
97,908629695,FERVEDOR 16  POLIDO,129.95,5
97,947859818,BOLA P,14.99,1
97,954703799,MONTAGEM LACO,14.99,1
98,908629671,FORMA TUBO 16 POLIDO,128.68,12
98,907206380,MINI POTE RET C/ 6 PÇS,45.55,5
98,909223069,PROTETOR LABIAL STITCH,39.96,4
98,899559322,KIT XUXINHA,53.73,27
98,934572577,SACO DE PRES 58x89,14.97,3
98,920241436,KIT PINCEL + ESCOVINHA 10PCS,21.96,4
98,940239579,BRINCO LISE 8262A,12,1
98,926769421,KIT P/ SOBRANCELHAS 2PCS,3.59,1
99,934572598,SACO DE PRES 88x120,11.98,2
99,908629659,BANHO MARIA 20 POLIDO,51.99,1
99,926769513,KIT ESCV FACIAL + CORT UNHA,39.95,5
99,899559280,PRENDEDOR  CORRENTE,11.98,2
99,946968493,XÍCARA DE CAFÉ 80ML,13.97,3
99,920241477,PINCEL DE ESPONJA P/MAKEUP,20.97,3
99,911982667,SUPER CAR POLICIA,128.66000000000003,4
99,911126259,BRINC DE ENGENHEIRO 120 PCS,44.49,1
100,926769441,KIT MANICURE 5PCS,43.96,4
100,935697506,PEND BONECO PELUCIA,51.96,4
100,926840500,MOUSE 1200DPI,128.29,11
100,921454178,KIT ESPJ MAQ FRUTAS 3P,43.96,4
100,942940792,CAIXA DE PRESENTE 21CM,37.96,4
100,908091127,TIGELA PLAST. 15CM,11.97,3
100,924078120,SABONETEIRA FLOR 550ML,11.97,3
100,907256449,CANECA 220ML,13.47,3
100,927637925,TOUCA LACE WIG CAP,20.03,7
100,916867769,CERVEJA PETRA 350ML,13.47,3
101,942399063,KIT 3 ESPONJAS,11.96,4
101,920241504,ESPJ DE DEDO P/ MAQ.,37.21,19
101,2098671,DELINEADOR CANET VIVAI,13.280000000000001,2
101,920241629,CARREG RAPIDO CA09-3,19.99,1
101,8164417180,BABY COGUMELO DIDATICO,49.99,1
101,910807588,PERFUME PURPL MID 30ML,127.57000000000001,3
101,917048961,LIP GLOSS L5632,43.16,4
101,56892371,BOLSA DE TECIDO,19.99,1
101,899557522,ESCOVA OVAL CECILIA,19.99,1
102,920602933,FAIXA DE CABELO,49.900000000000006,10
102,2350075,PÓ TRANSLUCIO PLAYBOY,12.99,1
102,852720923.,PRESILHA LACO COLOR DOURADO,19.96,4
102,2396001,LIXEIRA PEDAL 20LT,42.49,1
102,905753964,ESTOJO P/ ESC DENTE,10.98,2
102,911935446,ESCOVA LABUBU/STITCH,125.50999999999999,4
102,917049102,LIP GLOSS WB-251,35.97,3
102,943394006,PORTA COPO 8 LUG CROMA,12.99,1
103,2281249,CANETA PAPERMATE KILO,41.39,23
103,935697476,BOLA MISTA DR,47.99,1
103,936187037,"LAÇO PRESENTE M 1,49",10.43,7
103,899557494,BOLSA P LAVAR ROUPAS GR,19.47,3
103,937723715,"CANETA POMPOM STITCH 0,5MM",122.28999999999999,11
103,924078072,GARRAFA SQUEEZE 600ML,12.57,3
103,943315023,OCULOS E LACO INF,34.17,3
104,926840458,CARREGADOR S/FIO 20W,31.99,1
104,924580044,PAR DE LUVAS M,9.99,1
104,929265372,PRIMER FAC PH0160,39.98,2
104,947103730,VASO VIDRO M,11.99,1
104,920241513,KIT MINI ESPJ GOTA MAQ 5PCS,122.28,22
104,935697467,BOLA MIST FOSC,47.96,4
104,955237375,CONCHA,9.99,1
104,953858172,PINCEL DE MAQUIAGEM,9.99,1
104,911935513,ILUMIN BAKED POWDER,18.99,1
105,916441898,TORNOZELEIRA DOURADA,47.92,8
105,941389907,PORTA CRACHÁ,11.98,2
105,909223099,PROTETOR LABIAL SAFIRA,18.75,5
105,929931317,"MASCARA DESCARTAVEL 4,99",9.98,2
105,927396090,ESPONJA DE MAQUIAGEM,117.5,10
105,916288658,ESCOVA C/ PÁ PLASTCO,39.95,5
105,"504671,",BALDE FESTIVAL LAVANDERIA,31.48,2
106,936927151,MOCHILA FASHION FAFU,44.99,1
106,934572598,SACO DE PRES 88x120,10.78,2
106,953858239,POP MANIA FRAMBOESA,9.5,10
106,916069526,"DUO DE SOMBRAS LOVELY 6,8G",16.99,1
106,920241568,BLUSH COMPACTO POPSTAR,38.97,3
106,942940829,CAIXA DE PRESENTE 36CM,29.99,1
106,937723610,"CARTEIRA 38,99",116.97,3
107,911935571,LIP GLOSS L3908,43.96,4
107,908091127,TIGELA PLAST. 15CM,10.77,3
107,926629274,COLAR INFANTIL,8.99,1
107,946794190,NUTRY BANANA/MEL 24G,38.34,17
107,941389848,BOCAL PARA LAMPADA,10.77,3
107,918940207,PALETA SOMBRAS FIRST CHOICE,15.99,1
107,1999921,CONTOR  MARM RUBY ROSE,29.98,2
107,916867790,CHOCO FUN FENZZA,116.92,8
108,943394016,SUPORTE PAP HIG DP ROS,9.99,1
108,921454246,KIT ESPJ DE DEDO P/ MAQ 7PCS,15.98,2
108,926769513,KIT ESCV FACIAL + CORT UNHA,15.98,2
108,907206311,ESPELHO,41.97,3
108,942940792,CAIXA DE PRESENTE 21CM,9.99,1
108,908629665,FORMA TUBO 20 POLIDO,41.97,3
108,10101139,BALA RECH MORANGO,116.10000000000001,30
108,2024556,FAST CHARGE 3.1A,28.78,2
108,911935513,ILUMIN BAKED POWDER,37.98,2
108,924078107,PULVERIZADOR OVAL 550ML,8.98,2
108,907256418,TIGELA COM TAMPA,9.99,1
108,954703794,MONTAGEM LACO,9.99,1
109,928486173,"SACOLA DE PAPEL 12X36X8,5",15.18,2
109,911126271,QUEBRA-CBC PROG PATRULHA,36.89,1
109,911982670,SUPER CAR BOMBEIRO,28.34,1
109,2146831,BABY TRUCK  PEQUENO,9.49,1
109,916288658,ESCOVA C/ PÁ PLASTCO,41.94,6
109,908629659,BANHO MARIA 20 POLIDO,112.48,2
109,946794190,NUTRY BANANA/MEL 24G,8.76,4
110,942712008,GLOSS BOBBI RARA,8.99,1
110,920241558,BLUSH COMP POPSTAR,36.76,3
110,814230902,SACOLA PRES JK1435T-2,14.99,1
110,908354511,PALETA ILUMINADOR,14.99,1
110,953858213,POP MANIA LUCAS NETO,8.46,9
110,929265372,PRIMER FAC PH0160,109.94999999999999,5
110,916169010,KIT PRESILHA,41.93,7
110,2396243,LAPIS DELINEADOR,27.130000000000003,7
111,955640072,CORt PIZZA URBAN,109.91,9
111,954965802,UNHAS POSTIÇAS SS,7.99,1
111,2479103,LAPIS ESCOLAR,8.71,9
111,911935593,LIP GLOSS,34.769999999999996,3
111,914459715,LIP GLOSS 22228,34.769999999999996,3
111,908354608,CHICLETE BRICLETS 18G,26.82,19
111,916441808,COLAR INFANTIL,7.99,1
111,2396243,LAPIS DELINEADOR,7.99,1
111,953858167,KIT PINCÉIS 5 PEÇAS,7.99,1
111,938147884,SACOLA DE PRESENTE,7.99,1
111,920132680,RELOGIO DOLUCK  PRATA,39.98,2
111,921454371,KIT PINCEIS P/ MAQ 3PCS,14.98,2
112,908091061,ESMALTE IMPALA,26.560000000000002,4
112,908629671,FORMA TUBO 16 POLIDO,39.96,4
112,929931227,BALA 7 BELO UN,7.46,30
112,928181218,PINCEL P/UNHA ACRIGEL,108.8,10
112,899557574,CILIOS POSTIÇOS BEAUTY,14.47,3
112,943394016,SUPORTE PAP HIG DP ROS,39.96,4
112,946968629,BRUMA FIXADORA BANANA,8.09,1
112,907206397,TIGELA COM TAMPA,33.55,5
113,938829201,PIERCING UMBIGO,7.15,5
113,8164417180,BABY COGUMELO DIDATICO,107.98,2
113,911982673,COL S.TRUCK CAC VER,26.49,1
113,911126274,QUEBRA-CBC PATRULHA CANINA,31.94,1
113,918940232,PALE BLUSH 5G SARAH'S,13.99,1
113,907206380,MINI POTE RET C/ 6 PÇS,7.99,1
113,920241548,"BASE LIQ NATURAL BLEND 3,5ML",13.99,1
113,916441663,LIP GLOSS COFFEE LIPS,37.96,4
114,918817603,ESCOVA DE CABELO,30.49,1
114,955093817,PAPEL GUARDANAPO,26.259999999999998,14
114,923232954,KIT ESC PINCEL P/ SOBR 3PCS,13.98,2
114,918817542,BRACELETE PRATA,35.98,2
114,941389827,COPO 200ML,7.16,4
114,955640041,COPO BAMBU ECO,107.92,38
114,899793870,PIRANHA PARA CABELO,6.99,1
115,946794190,NUTRY BANANA/MEL 24G,13.940000000000001,6
115,14878252,CADEIRA INF PRINCESA,107.27000000000001,3
115,907206397,TIGELA COM TAMPA,6.49,1
115,916867796,CHAVEIRO STITCH,29.99,1
115,911126289,JG MEMORIA MICKEY CLUB HOUSE,29.99,1
115,916441859,KIT BRINCOS DOURADOS,35.97,3
115,2281249,CANETA PAPERMATE KILO,5.57,3
115,927637925,TOUCA LACE WIG CAP,25.71,9
116,926769463,TESOURA PONTA CURVA,13.47,3
116,925917850,LEITE MOÇA 395G,106.08,12
116,911126301,ASSOCIANDO NUM E QT T. MONICA,28.49,1
116,916441905,PULSEIRA DOURADA,35.94,6
116,942940824,CAIXA DE PRESENTE 34CM,25.19,1
116,934572587,SACO DE PRES 80x88,5.49,1
116,914970025,PRESILHA LAÇO INFANTIL,35.94,6
116,911935498,APARADOR DE LOUÇAS,5.99,1
116,3053717,POTE ENFEITE HALLOWEEN,5.99,1
116,927950086,XUXINHA DOURADA,5.99,1
117,1010326,UNHAS POSTICA 24 Pc,4.99,1
117,909222931,POTE COM TAMPA PL,104.37,3
117,899559287,KIT XUXINHAS PRETA 3PÇS,5.98,2
117,914970009,ARCO ADULTO,34.95,5
117,926769559,MINI FRASCO PORTAT 5ML,28.44,6
117,955640084,ROLO AMAC CARNE,11.99,1
117,920241587,MEIA MALUCA PERSONAGENS,24.99,1
118,907206263,ELASTICO DE CABELO,34.93,7
118,1761923,EST ESCOLAR/ACESSÓRIOS,27.99,1
118,911935608,LIP GLOSS YALANI 2225,23.98,2
118,941389872,ESCULTURA MONGE,3.99,1
118,946794337,CADERNO 80 FOLHAS,23.98,2
118,916914411,PERF GOLDEN FLOWERI 30ML,103.98,2
118,924078062,GARRAFA SQUEEZE 350ML,3.99,1
118,917049078,LIP GLOSS QE7301-A,23.98,2
118,2396243,LAPIS DELINEADOR,11.97,3
118,938855789,CANETINHA C/REVISTA,5.880000000000001,12
119,954167014,50 LEDS AZUL 8F 5M 89068,23.97,3
119,921603697,CANETA LABUBU 10CORES,23.97,3
119,1760681,ENVELOPE 176X250 SACO,3.14,10
119,905754073,BRINQUEDO C/SOM P/ CAES,103.14999999999999,5
119,940014934,KIT DE LIXAS 3PCS,3.99,1
119,947695225,CHAVEIRO QUADRO DESENH,10.99,1
119,911935513,ILUMIN BAKED POWDER,33.98,2
119,911126265,QUEBRA-CABECA MINNIE DISNEY,27.89,1
120,911126295,DOMINO TURMA DA MONICA,27.49,1
120,918817563,PULSEIRA PRATA,31.96,4
120,918817437,PRESILHA STRASS,31.96,4
120,899559312,KIT XUXINHA MULTI 12PCS,3.98,2
120,928486213,CABO RAPIDO T-C LE-885C,98.9,10
120,936675021,FESTAO 15CM VERDE ESCURO,23.73,2
120,10419811,CORRETIVO LIQ FENZZA,9.99,1
120,920241651,ESPONJA POLVO DE SILIC,9.99,1
120,927899581,"LAPISEIRA BOLD 0,7M",2.69,1
121,911982682,KIT DE FERRAMENTAS,29.99,1
121,934572567,SACO DE PRES 10x15,2.64,6
121,947859740,PIRANHA DE CABELO,2.99,1
121,921454178,KIT ESPJ MAQ FRUTAS 3P,9.89,1
121,911935446,ESCOVA LABUBU/STITCH,27.44,1
121,957125413,SACOLA TRANSPARENTE,29.99,1
121,938855782,LIXA (OFF),2.99,1
121,926769431,KIT MANICURE 6PCS,23.17,3
121,921454348,CX TRENTO PISTACHE 29GR C/16,98.08,2
122,914459726,LIP GLOSS,29.98,2
122,899557585,GLITTER MULTIUSO,9.8,10
122,1010326,UNHAS POSTICA 24 Pc,22.759999999999998,4
122,914459692,SHINY LIP GLOSS,29.98,2
122,921515158,SAIA PARA FESTAS,29.98,2
122,926769483,KIT NAVALHETE + 3 REFIS,26.87,8
122,951110260,TUBE MOR ACIDO 15G,2.38,2
122,941932386,TAÇA JARDIN DE VIDRO,97.15,6
122,1006890,LAPIS BEE UNIQUE,1.49,1
123,947859750,SACOLA,0.6000000000000001,3
123,908629689,BULE 12 POLIDO,97.12,3
123,936187027,"LAÇO PRESENTE PP 0,49",1.47,3
123,958610363,PLACA ADS PVC 30*60CM,8.98,2
123,911935560,LIP GLOSS HONEY,21.59,1
123,916069446,"BASE LIQ NATURAL BLEND 3,5ML",26.58,2
123,921515279,CHAVEIRO,29.97,3
123,911935613,MAGIC LIP GLOSS CY86033,29.97,3
124,926769503,KIT ESCV FACIAL + LIXA + ESCV,7.99,1
124,23623113,OCULOS,20.99,1
124,926769431,KIT MANICURE 6PCS,7.99,1
124,923232975,KIT SOBRANCELHA 3PCS,7.99,1
124,926769534,KIT ESCV + CURVEX + CORTADOR,7.99,1
124,951110236,TUBINHO MINI MOR 15G,1.19,1
124,951110271,TUBINHO FRUTAS 15G,1.19,1
124,916288658,ESCOVA C/ PÁ PLASTCO,95.08,12
124,914970131,PRESILHA METAL,29.950000000000003,5
124,918817588,KIT PRESILHAS TIC TAC,29.950000000000003,5
124,943315018,OCULOS E COLAR INF,20.99,1
124,942417614,VELA 90g kit c/3 NATAL VERDE CX C/24,20.99,1
124,926769493,KIT ESCV FACIAL + CURVEX,7.99,1
124,916168917,ILUMINADOR SHIMMER,25.98,2
125,909062922,BANDEJA 15X23CM,28.99,1
125,926769421,KIT P/ SOBRANCELHAS 2PCS,7.98,2
125,942940786,CAIXA DE PRESENTE 19CM,20.97,3
125,968691443,KIT VIAG 7PCS FRASC NEC,94.43,7
125,2479103,LAPIS ESCOLAR,0.99,1
125,908091055,TOP COAT IMPALA,20.97,3
125,02909,CONTACT METALIZADO MT,25.18,2
126,941389900,PRESILHA,28.709999999999997,29
126,943314928,CHAVEIRO CALCULADORA,20.880000000000003,2
126,958551824,COPO MEDIDOR DEC 500 ML,94.41,9
126,914970035,PIRULITO  BIG TUTTI F,0.78,2
126,776867092,PERF STITCH PF43,24.99,1
126,941955417,PIERCING DE ORELHA,7.18,2
127,916069512,"GLOSS GOLD 4,5ML",90.93,7
127,917049093,GLOSS HELLO KITTY,23.98,2
127,908090939,ESMALTE IMPALA,20.27,3
127,918817432,XUXINHA DE CABELO,27.93,7
127,899557548,KIT BELEZA 5PCS LIANGLI,6.99,1
128,909222943,POTE COM TAMPA,88.98,2
128,928181229,ESC P/LIMP FAC MZ-023,5.99,1
128,938829130,FESTAO 7CM LUXO,23.97,3
128,911935618,LIP GLOSS S6692,26.97,3
128,920602916,BRINCO DOURADO,26.97,3
128,941955582,PRESILHA INF CARTELADA 06,5.99,1
128,920241495,KIT ESPJ MAKEUP FRUTAS 4PCS,5.99,1
128,920241457,KIT ESPJ DE MAQUIAGEM 8PCS,5.99,1
128,926840516,MOUSE OPITICO LEHMOX,19.99,1
128,776867062,PERFUME STITCH PF59,19.99,1
128,926840414,HUB USB 7PORTAS,19.99,1
128,1030324,CORRETIVO LIQ STAY FIX,19.99,1
129,911982673,COL S.TRUCK CAC VER,25.99,1
129,920241426,KIT ESPJ MAQ 5PCS CORACAO,19.98,2
129,938829130,FESTAO 7CM LUXO,88.33,12
129,908091115,POTE PL 4 DIVISORIAS,25.99,1
129,921603687,KIT LAPISEIRA LABUBU,23.38,2
129,943425237,GUARAVITON GENG 500ML,3.99,1
130,914459732,SHINY LIP GLOSS,25.98,2
130,910807583,PERF BLACK CLOUB 30ML,87.98,2
130,1760681,ENVELOPE 176X250 SACO,1.4,4
130,908629683,FORMA PAO 02 POLIDO,25.98,2
130,942940814,CAIXA DE PRESENTE 29CM,19.79,1
130,920241457,KIT ESPJ DE MAQUIAGEM 8PCS,22.759999999999998,4
131,921454371,KIT PINCEIS P/ MAQ 3PCS,22.47,3
131,935697464,BOLA PERO VD 8CM 6 UN,24.99,1
131,927418575,UAU CLORO ATIVO 500ML,87.28,17
131,929931273,BOLSA FEMININA MEDIA,24.99,1
131,935697479,FITA ARAMADA AR NATAL,24.99,1
131,908629674,LEITEIRA 14 POLIDO,24.99,1
131,940968496,TESTE DE TENSÃO,17.99,1
132,918817531,COLAR INFANTIL,24.950000000000003,5
132,920241436,KIT PINCEL + ESCOVINHA 10PCS,17.97,3
132,927418469,ESPONJA MAQUI,87.03,7
132,954167014,50 LEDS AZUL 8F 5M 89068,22.37,3
133,939694591,ESCOVA LABUBU S-0766,22.04,1
133,955639952,JG TC VERSALHES CZ C/6,86.49,1
133,936675033,FESTAO 9CM 5M,17.54,1
133,908629692,BULE 10 POLIDO,23.99,1
134,920241447,ESPONJA CACAHUATE HB101843,17.450000000000003,5
134,936156927,CILIO NEW SHOW SEDA,21.83,2
134,914970074,BRINCO COM PRATA,23.97,3
134,938829130,FESTAO 7CM LUXO,23.97,3
134,926769441,KIT MANICURE 5PCS,86.18,7
135,928486183,PILHA RECARREG AA SP-1815,15.99,1
135,926840521,FONE DE OUVIDO TYPE C,15.99,1
135,909223082,PRESILHA C/ PEROLA,23.96,4
135,942940804,CAIXA DE PRESENTE 25CM,15.99,1
135,911935613,MAGIC LIP GLOSS CY86033,21.58,2
135,3053717,POTE ENFEITE HALLOWEEN,23.96,4
135,911982673,COL S.TRUCK CAC VER,85.47,3
135,942399078,CHAVEIRO,23.96,4
135,926840463,HD CONVERSOR VGA AUDIO,15.99,1
136,942940780,CAIXA DE PRESENTE 17CM,14.47,3
136,914970058,PIRANHA DE CABELO,23.94,6
136,968690794,10577- KIT PANOS LISTRADO 4PCS 30*40 CX/72,85.44,6
136,942697698,LAPIS DEL LABIOS SAFIRA,20.93,7
137,1039481,"CORTADOR UNHA 7,8 WELLMIX",20.49,1
137,911935513,ILUMIN BAKED POWDER,83.96,4
137,908090921,ESMALTE IMPALA,13.98,2
137,914970064,BRINCO COM PRATA,23.54,6
137,905754147,ESMALTE IMPALA,13.98,2
138,955093754,GUARDA CHUVA DUAS COR,22.99,1
138,"504671,",BALDE FESTIVAL LAVANDERIA,83.94999999999999,5
138,920132670,RELOGIO PALLYJANE QUARTZ,22.99,1
138,926769483,KIT NAVALHETE + 3 REFIS,13.61,4
138,943314917,ADESIVO LABUBU,20.03,7
139,924078107,PULVERIZADOR OVAL 550ML,22.450000000000003,5
139,943314955,CHAVEIRO PLACA,12.99,1
139,917048953,LIP GLOSS L1201,83.93,7
139,1030324,CORRETIVO LIQ STAY FIX,19.99,1
140,946794343,CADERNO 80 FOLHAS,11.99,1
140,917049122,LIP BALM/OIL GZ8010404,11.99,1
140,968635489,VASO DEC HALLEY,82.63,2
140,907206385,MINI POTE COM 4 PÇS,21.96,4
140,917049093,GLOSS HELLO KITTY,11.99,1
140,917612152,BORRACHA STITCH 8111,19.96,4
141,936675004,CORDAO 100 LEDS VERDE,18.99,1
141,954703906,PRESILHAS LACO PÉROLAS,18.99,1
141,918940264,ILUMIN BAKED LUX,18.99,1
141,926840516,MOUSE OPITICO LEHMOX,79.96,4
141,928181229,ESC P/LIMP FAC MZ-023,11.98,2
141,914970069,BRINCO COM PRATA,20.97,3
141,942697680,PRESILHA C/ PEROLA,18.99,1
142,852720923.,PRESILHA LACO COLOR DOURADO,18.96,4
142,942940798,CAIXA DE PRESENTE 23CM,11.69,1
142,938731916,POCHETE MASCULINA,19.99,1
142,944226959,JOGO DE TALHER 25 PEÇAS,77.97,3
143,909223069,PROTETOR LABIAL STITCH,19.98,2
143,918817415,CILIOS 8D MINK,19.98,2
143,968635420,JARRA C/TAMPA TEXT 1L,17.99,1
143,2007359,MASCARA CILIOS INCOLOR,9.99,1
143,10419811,CORRETIVO LIQ FENZZA,9.99,1
143,936675010,LED CASC 138 AZUL ESTR,76.99,1
144,914970003,ARCO ADULTO,19.96,4
144,941389792,KIT PRESILHAS CONCHA,19.96,4
144,968635519,POTICHE BARIL COLOR,13.99,1
144,923232911,PINCEL P/ MAQUIAGEM,13.99,1
144,928181229,ESC P/LIMP FAC MZ-023,76.66,14
144,917612152,BORRACHA STITCH 8111,9.98,2
145,918817421,CILIOS POSTIÇOS OTM,17.98,2
145,948949877,LIP GLOSS BELLE ANGEL,12.99,1
145,926640375,MASCARA MAIS NUTRIAAO 1KG,76.49,1
145,943314917,ADESIVO LABUBU,8.97,3
145,921515229,CINTO FEMININO,17.98,2
146,926769503,KIT ESCV FACIAL + LIXA + ESCV,7.99,1
146,908354409,FITA BOPP 45MMX40M,12.33,2
146,945082926,KIT PRESILHAS,17.97,3
146,926769493,KIT ESCV FACIAL + CURVEX,7.99,1
146,942103369,CANECA CRISTAL 250ML,17.97,3
146,921603697,CANETA LABUBU 10CORES,76.41,9
146,916288658,ESCOVA C/ PÁ PLASTCO,7.99,1
146,938829130,FESTAO 7CM LUXO,7.99,1
147,14453222,300L BR FIO TRANS 18804,75.98,2
147,908090945,ESMALTE IMPALA,6.99,1
147,926769524,KIT DESIGNER SOBRANC 2PCS,6.99,1
147,908090933,ESMALTE IMPALA,6.99,1
147,911982661,UNIC MAG KIT COZ,75.98,2
147,927899581,"LAPISEIRA BOLD 0,7M",17.94,6
147,917049102,LIP GLOSS WB-251,11.99,1
147,911935608,LIP GLOSS YALANI 2225,11.99,1
148,955640051,FUNIL MULTIUSO,75.93,12
148,920241495,KIT ESPJ MAKEUP FRUTAS 4PCS,5.99,1
148,928181229,ESC P/LIMP FAC MZ-023,11.98,2
148,923169665,FACA MESA CONTINENTAL,17.45,5
149,905753964,ESTOJO P/ ESC DENTE,16.47,3
149,908091150,CANECA INFANTIL,10.99,1
149,944571210,NUTRY AVELA C/CHO 22G,74.44,32
150,2007359,MASCARA CILIOS INCOLOR,9.99,1
150,921590898,GUARDA CHUVA C/GOTAS,15.99,1
150,"578093743 - 9,99",ESCOVA P/CABELO,9.99,1
150,909223069,PROTETOR LABIAL STITCH,9.99,1
150,918940239,BLUSH E ILUMINADOR MELU 8G,73.45,5
150,2098671,DELINEADOR CANET VIVAI,9.99,1
151,927637925,TOUCA LACE WIG CAP,8.97,3
151,918817558,PULSEIRA DOURADA,15.98,2
151,916441808,COLAR INFANTIL,15.98,2
151,920602911,BRINCO DOURADO,15.98,2
151,947695225,CHAVEIRO QUADRO DESENH,72.44,6
152,955640054,"CLIPE COMIDA 30X4,5CM BAMBU",72.12,8
152,926769431,KIT MANICURE 6PCS,7.99,1
152,918817583,KIT PRESILHAS TIC TAC,15.96,4
152,926769513,KIT ESCV FACIAL + CORT UNHA,7.99,1
153,926769524,KIT DESIGNER SOBRANC 2PCS,6.99,1
153,957125493,BOLSA SACOLA,14.99,1
153,925917873,FIN  REC BE.USE 210ML,71.99,1
154,908629680,FORMA PAO 03 POLIDO,13.99,1
154,906678866,POTE COM TAMPA,13.99,1
154,916069490,LIP GLO BOBBI RARA,71.95,5
154,944571210,NUTRY AVELA C/CHO 22G,6.72,3
155,920241436,KIT PINCEL + ESCOVINHA 10PCS,5.99,1
155,917049112,LIP GLOSS L5629,70.74,6
155,2098671,DELINEADOR CANET VIVAI,13.98,2
156,955093795,BOLSA COLOR CAQUI,69.99,1
156,941955570,PRESILHA INF CARTELADA 03,5.98,2
156,954703737,NECESSAIRE TRANSPARENTE,12.99,1
156,945082910,BOLSA TRANSVERSAL,12.99,1
157,961217147,BOLSA SACO,11.99,1
157,920241504,ESPJ DE DEDO P/ MAQ.,3.98,2
157,921515219,CINTO FEMININO,11.99,1
157,955093759,GUARDA CHUVA VERDE,11.99,1
157,917049068,LIP GLOSS L5572,69.53999999999999,6
158,926769421,KIT P/ SOBRANCELHAS 2PCS,3.59,1
158,914970048,BRINCO COM PRATA,11.98,2
158,908192183,TAPETE HIGIENICO P/CAES,68.95,5
159,3053717,POTE ENFEITE HALLOWEEN,67.52000000000001,13
159,920241447,ESPONJA CACAHUATE HB101843,3.49,1
159,909223099,PROTETOR LABIAL SAFIRA,11.97,3
160,911935608,LIP GLOSS YALANI 2225,10.99,1
160,1037529,CHICLE BOLA RECHEADO,2.69,1
160,911982679,TRUCK FORCE,66.98,2
160,914459715,LIP GLOSS 22228,10.99,1
161,920602922,BRINCO DOURADO,9.99,1
161,908091138,CANECA INFANTIL,66.97,13
161,943394004,PORTA PAPEL T MESA,9.99,1
162,908091138,CANECA INFANTIL,9.98,2
162,921454255,ESPONJA P/MAQUIAGEM,66.35000000000001,20
163,916441668,GLOSS BELLA ANGEL,65.97,3
163,184347,PISTA BRINQUE CARRINHO,9.49,1
164,916069446,"BASE LIQ NATURAL BLEND 3,5ML",65.75,5
164,914970079,BRINCO COM PRATA,8.99,1
164,935879801,SACOLA DE PRESENTE,8.99,1
164,961217009,BOLSA TERMICA,8.99,1
165,927899594,"LAPISEIRA BOLD 0,7M",8.97,3
165,916867815,CHAVEIRO STITCH,64.77,3
166,946794190,NUTRY BANANA/MEL 24G,8.76,4
166,936675029,FESTAO 9CM METALIZADO,64.30000000000001,10
167,955639976,CP CZ DIAMANTE 350ML C/6,63.44,1
167,938147904,SACOLA DE PRESENTE,7.99,1
167,907206380,MINI POTE RET C/ 6 PÇS,7.99,1
168,918940264,ILUMIN BAKED LUX,62.97,3
168,922057058,KIT DE XUXINHA 3PCS,7.98,2
168,941389781,KIT XUXINHA,7.98,2
169,184347,PISTA BRINQUE CARRINHO,62.94,6
169,941389894,PRESILHA,5.99,1
170,957125471,FRASCO,5.98,2
170,911982670,SUPER CAR BOMBEIRO,62.68000000000001,2
171,941389787,ELASTICO P/ CABELO,4.95,5
171,968690872,SACO ORG VACUO EST,60.75,10
172,907206274,ELASTICO DE CABELO,60.61,14
172,951110271,TUBINHO FRUTAS 15G,4.76,4
173,957125466,FRASCO DE SPRAY,2.99,1
173,905543764,CALCA LEGGING JEANS,59.97,3
174,2479103,LAPIS ESCOLAR,1.98,2
174,955640081,ESP RETA URBAN,59.96,4
174,941389807,BICO DE PATO,1.98,2
175,951302725,CJ 5 POTES CONECT RET A1,57.58,2
176,942940829,CAIXA DE PRESENTE 36CM,56.98,2
176,911982676,COL S.TRUCK CAC BARCOS,56.98,2
177,907206380,MINI POTE RET C/ 6 PÇS,55.99,6
178,942940824,CAIXA DE PRESENTE 34CM,55.98,2
179,968690845,TOUCA TOA P/CABELOS,55.15,5
180,955640066,FACA LEG INOX 4,54.52,8
181,911982664,TARTARUGA MARUJO,53.98,2
182,958551812,SECADOR DE SALADA GRANDE B1,53.49,1
183,916069495,"CORRETIVO BASTAO 6,8G",53.36,4
184,918940251,GLOSS MAGICO GOOD GIRL 3ML,52.75,5
185,927637925,TOUCA LACE WIG CAP,52.02,18
186,10101387,FANTASIA DIABINHO,52,1
187,902285260,PERF LITE RED NYC 30ML,51.99,1
188,908174424,FITA MULTI VERM 48MMX5M,51.96,4
189,955640091,FACA P/TOMATE (WHITE),51.92,8
190,958610366,PLACA ADS PVC 30*60CM,51.89,11
191,898740711,ARQUIVO FACIL - PRETO,51.02,8
192,908629698,FERVEDOR 14 POLIDO,50.98,2
192,905754068,BOLA P/ PET,50.98,2
193,955640012,PT P/CONDIMENTOS 770ML,50.370000000000005,3
194,916867806,CHAVEIRO STITCH CAPUZ,49.99,1
195,776867072,PERF STITCH 35ML PF4030,49.98,2
196,922130997,"ASSADEIRA RET 3,7L",49.49,1
197,908091150,CANECA INFANTIL,49.3,5
198,927418464,ESPONJA MAQUI,48.230000000000004,7
199,939834741,NECESSAIRE MULTI POUCH,47.48,2
199,942940819,CAIXA DE PRESENTE 31CM,47.48,2
200,926769431,KIT MANICURE 6PCS,47.45,5
201,929265275,MINI BATOM LAPIS,47.400000000000006,10
202,910807616,LIP GLOSS J318,46.760000000000005,4
203,919069079,AG CO CUBE 200ML,45.74,16
204,914459732,SHINY LIP GLOSS,44.97,3
204,920241558,BLUSH COMP POPSTAR,44.97,3
205,910807599,PER BRAVO HERO 30ML,43.99,1
206,2007245,MASC CILIOS LUISANCE,43.98,2
207,968690866,PANO P/ESC TACAS/COPOS,43.47,3
208,1021642,HAVAINAS SQUARE 41/42,42.99,1
209,968690791,KIT PANOS C/2 30*30CM,42.18,7
210,968635426,POTE VIDRO 650ML,41.98,2
211,914459708,SHINY LIP GLOSS,41.97,3
212,911935598,LIP GLOSS S6689,41.760000000000005,4
213,955640060,SELADOR SACOS,41.6,5
214,101243883,CONTACT ESTAMPADO MT,40.57,3
214,921603687,KIT LAPISEIRA LABUBU,40.57,3
215,776867118,FILME DE PVC 15M,40.54,6
216,2036205,MOUSSE MICELAR ESPUMA,39.98,2
216,955640024,PT P/COND 850ML C/TAMPA,39.98,2
217,955640084,ROLO AMAC CARNE,38.97,3
218,914459726,LIP GLOSS,37.98,2
219,942940792,CAIXA DE PRESENTE 21CM,37.96,4
220,908629686,POP. BULE 14 POLIDO,37.49,1
221,968542914,JARRA CLEAR 2L,35.99,1
222,910807618,ESCOVA TIRA PELOS,35.98,2
222,958369128,BOLSA MASCULINA,35.98,2
223,942940798,CAIXA DE PRESENTE 23CM,35.07,3
224,955640009,PT P/CONDIMENTOS 560ML,34.98,2
225,968635480,JG COPOS OLIMP 330ML,34.49,1
226,918940232,PALE BLUSH 5G SARAH'S,33.98,2
227,905754088,ESCOVA PARA PET 13X6CM,33.96,4
228,968690854,PANO P/VIDROS 30*40CM,33.55,5
229,902285251,ARQ TRANÇA COLR,32.97,3
230,926769544,LIXA POLIDORA DE UNHAS,32.89,11
231,955640044,PEG SALADA INOX,32.45,5
232,958610363,PLACA ADS PVC 30*60CM,32.43,7
233,2024556,FAST CHARGE 3.1A,31.98,2
234,951302735,JARRA ELEGANCE 2L B3,31.04,1
235,4698756,BOLSA PRETA,29.98,2
235,922057115,ILUMIN JELLY ILUME,29.98,2
236,927396095,ESPONJA MAQ,29.67,3
237,908091115,POTE PL 4 DIVISORIAS,29.49,1
238,968690842,PANO DE MAO INF,28.46,4
239,968691463,FORMA GELO 14 FUROS,27.549999999999997,5
240,911935479,PALE SOMB FLORAL,26.58,2
241,905754103,PINO BOLICHE PET,25.47,3
242,943314917,ADESIVO LABUBU,25.41,9
243,926769452,KIT EXTRATORES DE CRAVOS 2PCS,25.310000000000002,4
244,1761923,EST ESCOLAR/ACESSÓRIOS,25.19,1
245,02909,CONTACT METALIZADO MT,25.18,2
246,843742664,ÁRVORE DEC MILENEIS,24.99,1
246,1307769,MINI VENTILADOR USB,24.99,1
246,968635516,POTICHE LUMI AMBAR,24.99,1
247,911935560,LIP GLOSS HONEY,23.99,1
248,911935576,LIP GLOSS L5573,23.98,2
249,955640018,PT P/COND 1100ML C/TAM,23.49,1
250,942940814,CAIXA DE PRESENTE 29CM,21.99,1
251,921454178,KIT ESPJ MAQ FRUTAS 3P,21.98,2
252,968691450,FORMA GELO COLOR,21.56,4
253,968635423,JARRA C/TAMPA LIST 1.1L,21.49,1
254,2007266,MASCARA CILIOS RUBY RO,20.99,1
255,942940786,CAIXA DE PRESENTE 19CM,20.97,3
256,1999921,CONTOR  MARM RUBY ROSE,19.99,1
256,944226970,JOGO DE TALHER 17 PEÇAS,19.99,1
257,942417608,VELA 90g kit c/3 NATAL BR CX C/24,18.99,1
257,942940809,CAIXA DE PRESENTE 27CM,18.99,1
258,942940780,CAIXA DE PRESENTE 17CM,18.96,4
259,916441694,BASE LIQ 30ML LABRANCHE,17.99,1
260,1010326,UNHAS POSTICA 24 Pc,17.37,3
261,91052100,GARFO SOBREMESA,16.400000000000002,5
262,920241608,CABO CARREG T-C - T-C EZ-W86,15.99,1
262,928486193,CARREG RAP T-C LE-233FC,15.99,1
263,916168917,ILUMINADOR SHIMMER,14.99,1
263,914459785,LIP GLOSS BOBBI RARA,14.99,1
263,909223112,MASCARA DE CILIOS PANDA,14.99,1
263,916441673,MASCARA DE CILIOS PANDA,14.99,1
264,927899594,"LAPISEIRA BOLD 0,7M",14.05,5
265,968690839,PANO MAO LISTRADA,13.48,2
266,958610360,PLACA ADV PVC 30*60CM,13.47,3
267,968690827,SACO ORG A VACUO 80*130,12.59,1
268,968690779,FUNIL INOX 12CM,12.49,1
269,968690863,SAC PROT P/SAPATOS,12.12,3
270,914459715,LIP GLOSS 22228,11.99,1
270,911935571,LIP GLOSS L3908,11.99,1
271,927899581,"LAPISEIRA BOLD 0,7M",11.66,4
272,955640078,FACA FRUT URBAN,11.49,1
273,920241495,KIT ESPJ MAKEUP FRUTAS 4PCS,11.379999999999999,2
274,1910732,PAINEL E.V.A PARAB C/GLITER,10.99,1
274,939834719,CX PRESENTE 30X30X30CM,10.99,1
275,917612152,BORRACHA STITCH 8111,10.98,2
276,2923957,PINÇA  MACRILAN,9.99,1
276,942417605,VELA 60g GENGIBRE E PIMENTA ROSA CX C/24,9.99,1
277,955640063,GARFO P/CHURR INOX,9.98,2
278,926769473,KIT MANICURE 5PCS,9.49,1
278,2146831,BABY TRUCK  PEQUENO,9.49,1
278,926769503,KIT ESCV FACIAL + LIXA + ESCV,9.49,1
278,968690903,TAMPA PAN METAL 26CM,9.49,1
279,926769421,KIT P/ SOBRANCELHAS 2PCS,9.48,2
280,911935618,LIP GLOSS S6692,8.99,1
280,776867113,"PAPEL MANTEIGA 7,5M",8.99,1
280,920241477,PINCEL DE ESPONJA P/MAKEUP,8.99,1
281,926769463,TESOURA PONTA CURVA,8.98,2
282,905754083,RASQUEADEIRA,7.99,1
282,905754098,RASQUEADEIRA,7.99,1
282,959613173,LEITE INT PIRACANJUBA 1L,7.99,1
283,968690848,PANO XAD BR 2PCS,7.19,1
284,776867124,SHOWKINHO 200ML,5.77,3
285,920241457,KIT ESPJ DE MAQUIAGEM 8PCS,5.39,1
286,920241504,ESPJ DE DEDO P/ MAQ.,3.98,2
287,968808265,FERMENTO BIO C/3,3.86,4
288,920241447,ESPONJA CACAHUATE HB101843,3.49,1
289,2281249,CANETA PAPERMATE KILO,1.99,1
